Amount of Calcium (Ca),Amount of Magnesium (Mg),Amount of Sodium (Na),Amount of Potassium (K),Total Amount (N+K) (mg/L),Ca Weight (%) (meq/L),Mg Weight (%) (meq/L),Na Weight (%) (meq/L),K Weight (%) (meq/L),Total Amount (Na+K %) (meq/L),Total Weight Amount (Ca + Mg+ Na+K %) (meq/L),Ca Relative Conc (meq%),Mg Relative Conc (meq%),Na+K Relative Conc (meq%),Amount of Chloride (Cl),Amount of Sulfate (SO4),Amount of Carbonate (CO3),Amount of Hydrogencarbonate (HCO3),Cl Weight (%) (meq/L),SO4 Weight (%) (meq/L),CO3 Weight (%) (meq/L),HCO3 Weight (%) (meq/L),Total Amount (CO3+HCO3 %) (meq/L),Total Weight Amount (Cl + SO4+ CO3+HCO3 %) (meq/L),Cl Relative Conc (meq%),SO4 Relative Conc (meq%),CO3 + HCO3 Relative Conc (meq%),ROWID,District LGD Code,Amount of Total Dissolved Solids (TDS),"Amount of Potential of Hydrogen (H+, pH)",Country,State LGD Code,State,District,Year,Surface Water Station,Surface Water Station Latitude,Surface Water Station Longitude,Month
18.84,8.57,32.6,0.9,33.5,0.94,0.71,1.42,0.023,1.441,3.086,30.462,22.849,46.690,51.93,20.5,9.8,69.71,1.46,0.43,0.33,1.14,1.47,3.361,43.587,12.700,43.713,37751,502,108,8.3,India,28,Andhra Pradesh,Anantapur,2012,Tadipatri,14.250,78.000,12-Aug
11.69,4.05,20.6,1.6,22.2,0.58,0.33,0.90,0.041,0.937,1.854,31.472,17.979,50.549,19.85,7.5,0,77.1,0.56,0.16,0.00,1.26,1.26,1.980,28.284,7.888,63.828,37845,502,89,8.22,India,28,Andhra Pradesh,Anantapur,2013,Tadipatri,14.250,78.000,13-Sep
54.96,19.04,172,8.4,180.4,2.74,1.57,7.48,0.215,7.696,12.006,22.844,13.050,64.106,225.72,117.32,0,244,6.37,2.44,0.00,4.00,4.00,12.809,49.710,19.071,31.220,37862,504,613,7.22,India,28,Andhra Pradesh,Y.S.R.,2013,Alladupalli,14.250,78.667,13-Apr
40.83,22.85,177.5,4.6,182.1,2.04,1.88,7.72,0.118,7.838,11.756,17.332,15.994,66.675,195.92,125.67,0,224.08,5.53,2.62,0.00,3.67,3.67,11.816,46.774,22.145,31.081,37863,504,638,7.75,India,28,Andhra Pradesh,Y.S.R.,2013,Chennur,14.574,78.772,13-Apr
37.13,19.44,114,3,117.0,1.85,1.60,4.96,0.077,5.035,8.488,21.830,18.846,59.324,147.47,90.29,0,175.9,4.16,1.88,0.00,2.88,2.88,8.923,46.622,21.069,32.309,37867,504,475,7.86,India,28,Andhra Pradesh,Y.S.R.,2014,Alladupalli,14.250,78.667,14-Apr
37.13,23.53,110,3.2,113.2,1.85,1.94,4.78,0.082,4.867,8.656,21.407,22.370,56.224,144.64,98.52,0,164.6,4.08,2.05,0.00,2.70,2.70,8.829,46.212,23.234,30.554,37868,504,489,8.05,India,28,Andhra Pradesh,Y.S.R.,2014,Chennur,14.574,78.772,14-Apr
51.66,36.75,209,5.4,214.4,2.58,3.02,9.09,0.138,9.229,14.831,17.382,20.390,62.228,277.93,189.43,0,232.7,7.84,3.94,0.00,3.81,3.81,15.598,50.263,25.286,24.450,37872,504,840,8.24,India,28,Andhra Pradesh,Y.S.R.,2015,Alladupalli,14.250,78.667,15-Apr
46.31,28.1,225,5.5,230.5,2.31,2.31,9.79,0.141,9.928,14.551,15.882,15.891,68.227,289.27,200.23,0,204.3,8.16,4.17,0.00,3.35,3.35,15.677,52.050,26.593,21.358,37873,504,852,7.95,India,28,Andhra Pradesh,Y.S.R.,2015,Chennur,14.574,78.772,15-Apr
51.3,30.16,175.5,5.8,181.3,2.56,2.48,7.63,0.148,7.782,12.824,19.963,19.353,60.684,230.09,178.03,0,212.42,6.49,3.71,0.00,3.48,3.48,13.679,47.450,27.099,25.451,37877,504,783,7.94,India,28,Andhra Pradesh,Y.S.R.,2016,Alladupalli,14.250,78.667,16-Apr
60.92,35.02,192.5,6.2,198.7,3.04,2.88,8.37,0.159,8.532,14.454,21.033,19.938,59.029,251.49,208.16,0,246.87,7.09,4.33,0.00,4.05,4.05,15.474,45.845,28.009,26.146,37878,504,883,8.06,India,28,Andhra Pradesh,Y.S.R.,2016,Chennur,14.574,78.772,16-Apr
81.76,33.08,212.5,6.9,219.4,4.08,2.72,9.24,0.176,9.420,16.222,25.152,16.780,58.068,276.84,199.09,0,267.12,7.81,4.15,0.00,4.38,4.38,16.332,47.815,25.381,26.805,37882,504,954,7.7,India,28,Andhra Pradesh,Y.S.R.,2017,Alladupalli,14.250,78.667,17-Apr
49.7,25.29,152.4,5.5,157.9,2.48,2.08,6.63,0.141,6.770,11.331,21.889,18.366,59.745,199.94,158.64,0,200.34,5.64,3.30,0.00,3.28,3.28,12.227,46.130,27.016,26.855,37883,504,691,7.44,India,28,Andhra Pradesh,Y.S.R.,2017,Chennur,14.574,78.772,17-Apr
32.06,13.62,39.5,3.5,43.0,1.60,1.12,1.72,0.090,1.808,4.528,35.331,24.750,39.919,51.91,35.3,0,148.97,1.46,0.73,0.00,2.44,2.44,4.641,31.553,15.838,52.609,37885,504,254,7.46,India,28,Andhra Pradesh,Y.S.R.,2017,Nandipalli,14.715,79.018,17-Apr
33.67,32.08,145.5,6.5,152.0,1.68,2.64,6.33,0.166,6.495,10.815,15.536,24.408,60.056,127.15,97.951,0,301.32,3.59,2.04,0.00,4.94,4.94,10.565,33.951,19.305,46.745,37902,504,505,8.12,India,28,Andhra Pradesh,Y.S.R.,2012,Alladupalli,14.250,78.667,12-Aug
25.65,33.05,149,6.2,155.2,1.28,2.72,6.48,0.159,6.640,10.639,12.031,25.562,62.407,137.46,104.2,0,267.2,3.88,2.17,0.00,4.38,4.38,10.426,37.190,20.809,42.001,37903,504,492,8.22,India,28,Andhra Pradesh,Y.S.R.,2012,Chennur,14.574,78.772,12-Aug
24.05,28.19,120,4.7,124.7,1.20,2.32,5.22,0.120,5.340,8.860,13.546,26.182,60.271,96.22,21.968,0,380.91,2.71,0.46,0.00,6.24,6.24,9.414,28.831,4.858,66.311,37905,504,418,7.97,India,28,Andhra Pradesh,Y.S.R.,2012,Nandipalli,14.715,79.018,12-Aug
60.12,23.29,161,6.1,167.1,3.00,1.92,7.00,0.156,7.159,12.076,24.845,15.871,59.285,207.03,156.14,0,214.12,5.84,3.25,0.00,3.51,3.51,12.600,46.348,25.801,27.850,37907,504,570,7.3,India,28,Andhra Pradesh,Y.S.R.,2013,Alladupalli,14.250,78.667,13-Aug
46.76,23.29,180,6,186.0,2.33,1.92,7.83,0.153,7.983,12.233,19.075,15.667,65.258,229.72,175.96,0,169.31,6.48,3.66,0.00,2.77,2.77,12.919,50.161,28.360,21.479,37908,504,602,7.59,India,28,Andhra Pradesh,Y.S.R.,2013,Chennur,14.574,78.772,13-Aug
21.71,10.13,145,4.4,149.4,1.08,0.83,6.31,0.113,6.420,8.337,12.996,9.999,77.005,136.13,29.69,0,253.96,3.84,0.62,0.00,4.16,4.16,8.620,44.546,7.171,48.283,37910,504,400,7.73,India,28,Andhra Pradesh,Y.S.R.,2013,Nandipalli,14.715,79.018,13-Aug
35.63,25.94,203,6.8,209.8,1.78,2.13,8.83,0.174,9.004,12.916,13.766,16.526,69.709,263.75,147.56,0,170.8,7.44,3.07,0.00,2.80,2.80,13.312,55.891,23.080,21.029,37912,504,653,7.5,India,28,Andhra Pradesh,Y.S.R.,2014,Alladupalli,14.250,78.667,14-Aug
26.72,20.54,107.5,4.6,112.1,1.33,1.69,4.68,0.118,4.794,7.817,17.057,21.621,61.321,141.8,105.26,0,134.2,4.00,2.19,0.00,2.20,2.20,8.391,47.670,26.119,26.212,37913,504,406,7.98,India,28,Andhra Pradesh,Y.S.R.,2014,Chennur,14.574,78.772,14-Aug
24.05,11.35,119,4.4,123.4,1.20,0.93,5.18,0.113,5.289,7.423,16.169,12.582,71.249,154.19,85.61,0,109.08,4.35,1.78,0.00,1.79,1.79,7.920,54.920,22.507,22.573,37917,504,483,7.29,India,28,Andhra Pradesh,Y.S.R.,2015,Alladupalli,14.250,78.667,15-Aug
20.04,8.11,23.2,2.4,25.6,1.00,0.67,1.01,0.061,1.071,2.738,36.526,24.374,39.100,30.29,9.78,0,97.6,0.85,0.20,0.00,1.60,1.60,2.658,32.150,7.662,60.188,37918,504,166,7.75,India,28,Andhra Pradesh,Y.S.R.,2015,Chennur,14.574,78.772,15-Aug
10.69,5.67,22.9,1.7,24.6,0.53,0.47,1.00,0.043,1.040,2.040,26.155,22.876,50.969,30.29,9.27,0,68.89,0.85,0.19,0.00,1.13,1.13,2.177,39.258,8.868,51.874,37919,504,106,7.93,India,28,Andhra Pradesh,Y.S.R.,2015,Kamalapuram,14.593,78.176,15-Aug
12.02,7.3,25.5,2.4,27.9,0.60,0.60,1.11,0.061,1.171,2.371,25.298,25.334,49.368,33.04,10.14,0,74.64,0.93,0.21,0.00,1.22,1.22,2.366,39.385,8.922,51.693,37920,504,122,7.77,India,28,Andhra Pradesh,Y.S.R.,2015,Nandipalli,14.715,79.018,15-Aug
41.68,14.59,101,4.8,105.8,2.08,1.20,4.39,0.123,4.516,7.797,26.678,15.399,57.923,131.1,94.39,0,136.43,3.70,1.97,0.00,2.24,2.24,7.899,46.815,24.879,28.305,37922,504,433,7.26,India,28,Andhra Pradesh,Y.S.R.,2016,Alladupalli,14.250,78.667,16-Aug
25.65,9.73,80.4,3.5,83.9,1.28,0.80,3.50,0.090,3.587,5.667,22.586,14.128,63.287,104.34,67.45,0,89.2,2.94,1.40,0.00,1.46,1.46,5.810,50.663,24.174,25.164,37923,504,323,7.56,India,28,Andhra Pradesh,Y.S.R.,2016,Chennur,14.574,78.772,16-Aug
12.83,4.86,25.4,2.3,27.7,0.64,0.40,1.10,0.059,1.164,2.204,29.052,18.147,52.802,18.73,5.58,0,89.2,0.53,0.12,0.00,1.46,1.46,2.106,25.083,5.516,69.402,37924,504,111,7.53,India,28,Andhra Pradesh,Y.S.R.,2016,Kamalapuram,14.593,78.176,16-Aug
11.22,3.89,45.1,2.2,47.3,0.56,0.32,1.96,0.056,2.018,2.898,19.321,11.046,69.634,26.75,14.12,0,104.95,0.75,0.29,0.00,1.72,1.72,2.769,27.255,10.619,62.126,37925,504,152,7.66,India,28,Andhra Pradesh,Y.S.R.,2016,Nandipalli,14.715,79.018,16-Aug
58.1,19.04,118,3.1,121.1,2.90,1.57,5.13,0.079,5.212,9.678,29.958,16.189,53.853,147.59,96.78,0,239.02,4.16,2.02,0.00,3.92,3.92,10.096,41.238,19.960,38.802,37947,504,513,7.72,India,28,Andhra Pradesh,Y.S.R.,2012,Alladupalli,14.250,78.667,12-Dec
50.25,17.14,123.5,3.5,127.0,2.51,1.41,5.37,0.090,5.461,9.379,26.735,15.037,58.228,141.8,79.07,0,224.08,4.00,1.65,0.00,3.67,3.67,9.319,42.924,17.667,39.409,37948,504,491,8.11,India,28,Andhra Pradesh,Y.S.R.,2012,Chennur,14.574,78.772,12-Dec
31.4,23.8,170,3.2,173.2,1.57,1.96,7.39,0.082,7.476,11.002,14.243,17.801,67.956,159.16,20.12,0,373.47,4.49,0.42,0.00,6.12,6.12,11.029,40.706,3.798,55.495,37950,504,566,8.03,India,28,Andhra Pradesh,Y.S.R.,2012,Nandipalli,14.715,79.018,12-Dec
27,20.46,120,5.2,125.2,1.35,1.68,5.22,0.133,5.353,8.384,16.071,20.082,63.847,155.98,82.07,0,164.6,4.40,1.71,0.00,2.70,2.70,8.806,49.963,19.404,30.633,37952,504,499,7.61,India,28,Andhra Pradesh,Y.S.R.,2013,Alladupalli,14.250,78.667,13-Dec
28.69,19.44,99,3.1,102.1,1.43,1.60,4.31,0.079,4.386,7.417,19.303,21.568,59.129,127.62,85.08,0,153.21,3.60,1.77,0.00,2.51,2.51,7.882,45.671,22.474,31.855,37953,504,428,7.82,India,28,Andhra Pradesh,Y.S.R.,2013,Chennur,14.574,78.772,13-Dec
13.5,22.51,200.5,3.4,203.9,0.67,1.85,8.72,0.087,8.808,11.334,5.944,16.343,77.713,266.58,27.53,0,221.3,7.52,0.57,0.00,3.63,3.63,11.720,64.163,4.891,30.946,37955,504,593,7.91,India,28,Andhra Pradesh,Y.S.R.,2013,Nandipalli,14.715,79.018,13-Dec
54,23.55,115.5,2.9,118.4,2.69,1.94,5.02,0.074,5.098,9.731,27.693,19.915,52.392,150.14,98.83,0,244,4.24,2.06,0.00,4.00,4.00,10.292,41.151,19.994,38.855,37957,504,528,7.91,India,28,Andhra Pradesh,Y.S.R.,2014,Alladupalli,14.250,78.667,14-Dec
50.63,25.6,111,3.1,114.1,2.53,2.11,4.83,0.079,4.907,9.541,26.482,22.080,51.438,147.36,97.24,0,244,4.16,2.02,0.00,4.00,4.00,10.180,40.832,19.888,39.281,37958,504,499,7.82,India,28,Andhra Pradesh,Y.S.R.,2014,Chennur,14.574,78.772,14-Dec
64.13,34.05,175,4.8,179.8,3.20,2.80,7.61,0.123,7.735,13.737,23.297,20.397,56.306,231.29,197.1,0,258.02,6.52,4.10,0.00,4.23,4.23,14.857,43.915,27.622,28.463,37962,504,843,7.95,India,28,Andhra Pradesh,Y.S.R.,2015,Alladupalli,14.250,78.667,15-Dec
41.42,24.32,135,4.3,139.3,2.07,2.00,5.87,0.110,5.982,10.050,20.566,19.912,59.522,176.22,120.23,0,207.54,4.97,2.50,0.00,3.40,3.40,10.876,45.707,23.018,31.275,37963,504,581,8.05,India,28,Andhra Pradesh,Y.S.R.,2015,Chennur,14.574,78.772,15-Dec
28.06,16.21,49.4,3,52.4,1.40,1.33,2.15,0.077,2.225,4.960,28.233,26.895,44.872,66.08,22.47,11.03,157.06,1.86,0.47,0.37,2.57,2.94,5.274,35.347,8.872,55.782,37964,504,267,8.34,India,28,Andhra Pradesh,Y.S.R.,2015,Kamalapuram,14.593,78.176,15-Dec
48.1,17.51,110.8,2.5,113.3,2.40,1.44,4.82,0.064,4.883,8.725,27.512,16.515,55.973,143.18,84.24,0,183.66,4.04,1.75,0.00,3.01,3.01,8.803,45.882,19.925,34.193,37967,504,483,7.55,India,28,Andhra Pradesh,Y.S.R.,2016,Alladupalli,14.250,78.667,16-Dec
40.08,14.59,88.9,2.5,91.4,2.00,1.20,3.87,0.064,3.931,7.132,28.046,16.835,55.119,118.4,69.03,0,136.43,3.34,1.44,0.00,2.24,2.24,7.013,47.623,20.494,31.882,37968,504,394,7.48,India,28,Andhra Pradesh,Y.S.R.,2016,Chennur,14.574,78.772,16-Dec
51.82,21.9,186,5,191.0,2.59,1.80,8.09,0.128,8.218,12.606,20.513,14.295,65.192,208.36,142.46,0,234.04,5.88,2.97,0.00,3.84,3.84,12.679,46.355,23.394,30.251,37997,504,557,7.7,India,28,Andhra Pradesh,Y.S.R.,2013,Alladupalli,14.250,78.667,13-Feb
45.54,22.85,196,5.2,201.2,2.27,1.88,8.53,0.133,8.658,12.811,17.739,14.677,67.585,211.25,150.89,0,219.1,5.96,3.14,0.00,3.59,3.59,12.692,46.953,24.754,28.293,37998,504,556,7.64,India,28,Andhra Pradesh,Y.S.R.,2013,Chennur,14.574,78.772,13-Feb
32.97,27.61,210,4.3,214.3,1.65,2.27,9.13,0.110,9.244,13.162,12.501,17.262,70.237,193.89,37.16,0,418.29,5.47,0.77,0.00,6.86,6.86,13.099,41.756,5.907,52.337,38000,504,579,7.98,India,28,Andhra Pradesh,Y.S.R.,2013,Nandipalli,14.715,79.018,13-Feb
33.75,20.46,95,3.6,98.6,1.68,1.68,4.13,0.092,4.224,7.592,22.184,22.176,55.641,124.78,98.12,0,141.9,3.52,2.04,0.00,2.33,2.33,7.888,44.621,25.898,29.481,38002,504,407,7.71,India,28,Andhra Pradesh,Y.S.R.,2014,Alladupalli,14.250,78.667,14-Feb
27,17.39,89.5,4,93.5,1.35,1.43,3.89,0.102,3.995,6.774,19.891,21.126,58.983,116.28,80.26,0,124.8,3.28,1.67,0.00,2.05,2.05,6.997,46.882,23.885,29.234,38003,504,391,8.08,India,28,Andhra Pradesh,Y.S.R.,2014,Chennur,14.574,78.772,14-Feb
15.19,26.6,225,4.1,229.1,0.76,2.19,9.79,0.105,9.892,12.839,5.904,17.049,77.047,289.27,34.51,16.74,255.3,8.16,0.72,0.56,4.18,4.74,13.621,59.909,5.275,34.816,38005,504,661,8.34,India,28,Andhra Pradesh,Y.S.R.,2014,Nandipalli,14.715,79.018,14-Feb
70.88,35.84,185.5,6.5,192.0,3.54,2.95,8.07,0.166,8.235,14.721,24.027,20.034,55.939,249.57,176.75,0,311.1,7.04,3.68,0.00,5.10,5.10,15.819,44.504,23.264,32.232,38007,504,810,7.96,India,28,Andhra Pradesh,Y.S.R.,2015,Alladupalli,14.250,78.667,15-Feb
57.38,29.7,162,4.7,166.7,2.86,2.44,7.05,0.120,7.167,12.474,22.955,19.592,57.453,249.57,143.26,18,170.8,7.04,2.98,0.60,2.80,3.40,13.422,52.451,22.223,25.325,38008,504,678,8.38,India,28,Andhra Pradesh,Y.S.R.,2015,Chennur,14.574,78.772,15-Feb
48.1,17.51,115.6,4.4,120.0,2.40,1.44,5.03,0.113,5.141,8.982,26.724,16.042,57.235,151.88,78.21,0,174.65,4.28,1.63,0.00,2.86,2.86,8.775,48.824,18.557,32.619,38017,504,504,8.12,India,28,Andhra Pradesh,Y.S.R.,2017,Alladupalli,14.250,78.667,17-Feb
33.67,18.48,107.8,4.8,112.6,1.68,1.52,4.69,0.123,4.812,8.013,20.970,18.978,60.052,140.34,111.15,0,133.56,3.96,2.31,0.00,2.19,2.19,8.462,46.783,27.349,25.868,38018,504,484,7.77,India,28,Andhra Pradesh,Y.S.R.,2017,Chennur,14.574,78.772,17-Feb
62.81,13.33,136,3.6,139.6,3.13,1.10,5.92,0.092,6.008,10.239,30.612,10.713,58.675,147.59,86.34,0,244,4.16,1.80,0.00,4.00,4.00,9.960,41.801,18.049,40.150,38047,504,464,7.64,India,28,Andhra Pradesh,Y.S.R.,2013,Alladupalli,14.250,78.667,13-Jan
48.68,20,145.5,3.8,149.3,2.43,1.65,6.33,0.097,6.426,10.501,23.134,15.672,61.194,167.84,99.1,0,239.02,4.73,2.06,0.00,3.92,3.92,10.715,44.185,19.256,36.558,38048,504,498,7.8,India,28,Andhra Pradesh,Y.S.R.,2013,Chennur,14.574,78.772,13-Jan
36.11,25.71,190,3.8,193.8,1.80,2.12,8.26,0.097,8.362,12.279,14.675,17.229,68.096,167.84,32.02,0,403.35,4.73,0.67,0.00,6.61,6.61,12.012,39.416,5.550,55.034,38050,504,547,7.87,India,28,Andhra Pradesh,Y.S.R.,2013,Nandipalli,14.715,79.018,13-Jan
25.31,16.37,95,3.4,98.4,1.26,1.35,4.13,0.087,4.219,6.829,18.494,19.725,61.781,124.78,74.84,0,124.8,3.52,1.56,0.00,2.05,2.05,7.124,49.412,21.875,28.713,38052,504,399,7.2,India,28,Andhra Pradesh,Y.S.R.,2014,Alladupalli,14.250,78.667,14-Jan
20.25,15.35,90,3.4,93.4,1.01,1.26,3.91,0.087,4.002,6.275,16.103,20.128,63.769,116.28,64.01,0,113.5,3.28,1.33,0.00,1.86,1.86,6.473,50.673,20.589,28.737,38053,504,368,7.93,India,28,Andhra Pradesh,Y.S.R.,2014,Chennur,14.574,78.772,14-Jan
15.19,24.56,210,3.5,213.5,0.76,2.02,9.13,0.090,9.224,12.003,6.315,16.837,76.847,272.26,33.15,0,266.7,7.68,0.69,0.00,4.37,4.37,12.741,60.277,5.417,34.306,38055,504,625,8.04,India,28,Andhra Pradesh,Y.S.R.,2014,Nandipalli,14.715,79.018,14-Jan
64.13,27.65,151,5.2,156.2,3.20,2.28,6.57,0.133,6.701,12.177,26.282,18.685,55.032,197.41,125.51,0,274.5,5.57,2.61,0.00,4.50,4.50,12.681,43.914,20.608,35.477,38057,504,652,7.66,India,28,Andhra Pradesh,Y.S.R.,2015,Alladupalli,14.250,78.667,15-Jan
60.75,23.55,149,5.1,154.1,3.03,1.94,6.48,0.130,6.612,11.581,26.177,16.733,57.089,194.63,130.45,0,262.3,5.49,2.72,0.00,4.30,4.30,12.505,43.904,21.720,34.377,38058,504,649,7.94,India,28,Andhra Pradesh,Y.S.R.,2015,Chennur,14.574,78.772,15-Jan
70.81,39.72,210,6.7,216.7,3.53,3.27,9.13,0.171,9.306,16.108,21.937,20.291,57.772,283.6,212.52,0,292.8,8.00,4.42,0.00,4.80,4.80,17.224,46.448,25.691,27.861,38062,504,960,7.25,India,28,Andhra Pradesh,Y.S.R.,2016,Alladupalli,14.250,78.667,16-Jan
52.1,30.81,163,4.7,167.7,2.60,2.54,7.09,0.120,7.210,12.345,21.060,20.536,58.404,211.36,148.69,0,258.35,5.96,3.10,0.00,4.23,4.23,13.292,44.855,23.291,31.854,38063,504,741,7.36,India,28,Andhra Pradesh,Y.S.R.,2016,Chennur,14.574,78.772,16-Jan
43.29,15.56,99.6,3.8,103.4,2.16,1.28,4.33,0.097,4.430,7.870,27.449,16.269,56.282,129.41,71.04,0,167.91,3.65,1.48,0.00,2.75,2.75,7.882,46.317,18.767,34.916,38067,504,431,7.64,India,28,Andhra Pradesh,Y.S.R.,2017,Alladupalli,14.250,78.667,17-Jan
40.08,14.59,85.2,3.2,88.4,2.00,1.20,3.71,0.082,3.788,6.988,28.620,17.179,54.201,110.14,63.03,0,141.68,3.11,1.31,0.00,2.32,2.32,6.741,46.088,19.467,34.445,38068,504,379,7.77,India,28,Andhra Pradesh,Y.S.R.,2017,Chennur,14.574,78.772,17-Jan
40.08,36.94,301.5,9.5,311.0,2.00,3.04,13.11,0.243,13.357,18.397,10.872,16.523,72.606,268.04,151.55,0,454.82,7.56,3.16,0.00,7.45,7.45,18.171,41.611,17.366,41.023,38092,504,886,7.68,India,28,Andhra Pradesh,Y.S.R.,2012,Alladupalli,14.250,78.667,12-Jul
32.06,36.94,261,7.7,268.7,1.60,3.04,11.35,0.197,11.550,16.189,9.882,18.776,71.342,233.68,139.66,0,397.96,6.59,2.91,0.00,6.52,6.52,16.022,41.142,18.149,40.708,38093,504,803,7.99,India,28,Andhra Pradesh,Y.S.R.,2012,Chennur,14.574,78.772,12-Jul
28.86,27.22,162,4.9,166.9,1.44,2.24,7.05,0.125,7.172,10.852,13.271,20.640,66.088,130.58,20.32,0,437.76,3.68,0.42,0.00,7.17,7.17,11.281,32.652,3.750,63.598,38095,504,540,8.19,India,28,Andhra Pradesh,Y.S.R.,2012,Nandipalli,14.715,79.018,12-Jul
38.44,22.32,210,5.8,215.8,1.92,1.84,9.13,0.148,9.283,13.038,14.713,14.087,71.199,272.02,179.6,0,174.3,7.67,3.74,0.00,2.86,2.86,14.269,53.775,26.206,20.019,38097,504,706,7.25,India,28,Andhra Pradesh,Y.S.R.,2013,Alladupalli,14.250,78.667,13-Jul
28.63,19.84,204.5,6.8,211.3,1.43,1.63,8.90,0.174,9.069,12.130,11.778,13.459,74.763,274.92,183.44,0,97.1,7.76,3.82,0.00,1.59,1.59,13.166,58.903,29.010,12.087,38098,504,684,7.75,India,28,Andhra Pradesh,Y.S.R.,2013,Chennur,14.574,78.772,13-Jul
26.72,17.21,167,5.1,172.1,1.33,1.42,7.26,0.130,7.394,10.144,13.145,13.961,72.895,199.68,54.61,0,239.02,5.63,1.14,0.00,3.92,3.92,10.687,52.706,10.639,36.655,38100,504,556,7.56,India,28,Andhra Pradesh,Y.S.R.,2013,Nandipalli,14.715,79.018,13-Jul
33.85,24.86,201.5,7,208.5,1.69,2.05,8.76,0.179,8.944,12.679,13.323,16.135,70.542,258.08,164.29,0,195.2,7.28,3.42,0.00,3.20,3.20,13.900,52.375,24.609,23.016,38102,504,627,7.72,India,28,Andhra Pradesh,Y.S.R.,2014,Alladupalli,14.250,78.667,14-Jul
32.06,22.7,185.5,5.9,191.4,1.60,1.87,8.07,0.151,8.220,11.687,13.689,15.982,70.329,243.9,116.08,0,207.4,6.88,2.42,0.00,3.40,3.40,12.696,54.191,19.037,26.773,38103,504,609,7.79,India,28,Andhra Pradesh,Y.S.R.,2014,Chennur,14.574,78.772,14-Jul
33.4,27.56,254,9,263.0,1.67,2.27,11.05,0.230,11.278,15.213,10.956,14.907,74.137,337.48,188.43,0,178,9.52,3.92,0.00,2.92,2.92,16.360,58.188,23.981,17.831,38107,504,893,7.37,India,28,Andhra Pradesh,Y.S.R.,2015,Alladupalli,14.250,78.667,15-Jul
44.89,16.54,111.5,5.8,117.3,2.24,1.36,4.85,0.148,4.998,8.599,26.050,15.827,58.123,144.48,111.5,0,152.17,4.08,2.32,0.00,2.49,2.49,8.891,45.839,26.111,28.050,38112,504,493,7.4,India,28,Andhra Pradesh,Y.S.R.,2016,Alladupalli,14.250,78.667,16-Jul
67.33,25.29,228,4.8,232.8,3.36,2.08,9.92,0.123,10.040,15.481,21.704,13.443,64.854,294.3,189.57,0,236.13,8.30,3.95,0.00,3.87,3.87,16.119,51.504,24.487,24.009,38113,504,913,7.84,India,28,Andhra Pradesh,Y.S.R.,2016,Chennur,14.574,78.772,16-Jul
38.48,34.03,261.5,8.9,270.4,1.92,2.80,11.37,0.228,11.602,16.323,11.764,17.156,71.080,209.62,183.41,0,323.25,5.91,3.82,0.00,5.30,5.30,15.030,39.343,25.408,35.249,38137,504,737,7.78,India,28,Andhra Pradesh,Y.S.R.,2012,Alladupalli,14.250,78.667,12-Jun
28.86,36.94,238.5,7.1,245.6,1.44,3.04,10.37,0.182,10.556,15.036,9.579,20.217,70.205,202.75,175.75,0,295.14,5.72,3.66,0.00,4.84,4.84,14.216,40.232,25.741,34.026,38138,504,704,7.65,India,28,Andhra Pradesh,Y.S.R.,2012,Chennur,14.574,78.772,12-Jun
28.86,29.17,181.5,5.1,186.6,1.44,2.40,7.89,0.130,8.025,11.866,12.137,20.229,67.633,147.77,26.24,0,435.69,4.17,0.55,0.00,7.14,7.14,11.855,35.161,4.608,60.231,38140,504,593,7.87,India,28,Andhra Pradesh,Y.S.R.,2012,Nandipalli,14.715,79.018,12-Jun
31.08,22.81,187.5,6.1,193.6,1.55,1.88,8.16,0.156,8.312,11.740,13.211,15.988,70.800,240.19,149.74,0,169.31,6.78,3.12,0.00,2.77,2.77,12.668,53.485,24.611,21.904,38142,504,635,7.28,India,28,Andhra Pradesh,Y.S.R.,2013,Alladupalli,14.250,78.667,13-Jun
31.08,20.83,201,6.6,207.6,1.55,1.71,8.74,0.169,8.912,12.177,12.737,14.076,73.186,251.77,156.75,0,169.31,7.10,3.26,0.00,2.77,2.77,13.141,54.047,24.837,21.116,38143,504,641,7.94,India,28,Andhra Pradesh,Y.S.R.,2013,Chennur,14.574,78.772,13-Jun
28.5,22.7,174,6,180.0,1.42,1.87,7.57,0.153,7.722,11.012,12.915,16.962,70.122,224.04,140.7,0,164.7,6.32,2.93,0.00,2.70,2.70,11.949,52.892,24.518,22.591,38147,504,653,7.94,India,28,Andhra Pradesh,Y.S.R.,2014,Alladupalli,14.250,78.667,14-Jun
30.28,24.86,175,6.3,181.3,1.51,2.05,7.61,0.161,7.773,11.330,13.337,18.056,68.608,226.88,155.4,0,170.8,6.40,3.24,0.00,2.80,2.80,12.435,51.468,26.020,22.511,38148,504,682,8.03,India,28,Andhra Pradesh,Y.S.R.,2014,Chennur,14.574,78.772,14-Jun
30.73,23.51,231.5,7.6,239.1,1.53,1.93,10.07,0.194,10.264,13.732,11.167,14.088,74.745,306.29,131.11,0,206.7,8.64,2.73,0.00,3.39,3.39,14.758,58.547,18.498,22.955,38152,504,796,7.26,India,28,Andhra Pradesh,Y.S.R.,2015,Alladupalli,14.250,78.667,15-Jun
32.06,24.32,240,6.8,246.8,1.60,2.00,10.44,0.174,10.613,14.214,11.255,14.079,74.666,331.81,130.12,0,206.7,9.36,2.71,0.00,3.39,3.39,15.457,60.555,17.528,21.917,38153,504,820,7.25,India,28,Andhra Pradesh,Y.S.R.,2015,Chennur,14.574,78.772,15-Jun
48.1,30.16,226,6.5,232.5,2.40,2.48,9.83,0.166,9.997,14.879,16.133,16.680,67.187,294.3,203.4,0,190.96,8.30,4.24,0.00,3.13,3.13,15.667,52.991,27.032,19.977,38157,504,899,7.31,India,28,Andhra Pradesh,Y.S.R.,2016,Alladupalli,14.250,78.667,16-Jun
52.91,32.1,215,6.7,221.7,2.64,2.64,9.35,0.171,9.523,14.805,17.834,17.841,64.324,283.6,197.46,0,206.87,8.00,4.11,0.00,3.39,3.39,15.502,51.607,26.522,21.871,38158,504,863,7.72,India,28,Andhra Pradesh,Y.S.R.,2016,Chennur,14.574,78.772,16-Jun
58.1,21.9,150,4.8,154.8,2.90,1.80,6.52,0.123,6.647,11.349,25.548,15.879,58.573,191.02,103.4,0,248.98,5.39,2.15,0.00,4.08,4.08,11.622,46.364,18.525,35.111,38187,504,634,7.71,India,28,Andhra Pradesh,Y.S.R.,2013,Alladupalli,14.250,78.667,13-Mar
43.97,21.9,152.5,4.4,156.9,2.19,1.80,6.63,0.113,6.746,10.742,20.426,16.776,62.798,202.57,118.8,0,214.12,5.71,2.47,0.00,3.51,3.51,11.697,48.852,21.147,30.001,38188,504,619,8,India,28,Andhra Pradesh,Y.S.R.,2013,Chennur,14.574,78.772,13-Mar
34.54,28.56,195.5,3.5,199.0,1.72,2.35,8.50,0.090,8.593,12.667,13.607,18.553,67.839,188.1,28.8,0,433.32,5.31,0.60,0.00,7.10,7.10,13.007,40.792,4.610,54.597,38190,504,659,8,India,28,Andhra Pradesh,Y.S.R.,2013,Nandipalli,14.715,79.018,13-Mar
25.31,19.44,105.5,3.4,108.9,1.26,1.60,4.59,0.087,4.676,7.539,16.754,21.220,62.026,136.13,92.3,0,130.5,3.84,1.92,0.00,2.14,2.14,7.901,48.604,24.325,27.071,38192,504,409,7.69,India,28,Andhra Pradesh,Y.S.R.,2014,Alladupalli,14.250,78.667,14-Mar
25.31,19.44,98.2,3.3,101.5,1.26,1.60,4.27,0.084,4.356,7.219,17.497,22.161,60.342,130.46,80.26,11.16,113.49,3.68,1.67,0.37,1.86,2.23,7.583,48.530,22.037,29.433,38193,504,384,8.68,India,28,Andhra Pradesh,Y.S.R.,2014,Chennur,14.574,78.772,14-Mar
15.19,26.6,231.5,4.5,236.0,0.76,2.19,10.07,0.115,10.185,13.132,5.773,16.669,77.559,300.62,35.35,0,289.4,8.48,0.74,0.00,4.74,4.74,13.959,60.749,5.273,33.978,38195,504,635,8.23,India,28,Andhra Pradesh,Y.S.R.,2014,Nandipalli,14.715,79.018,14-Mar
51.66,38.91,200,5.4,205.4,2.58,3.20,8.70,0.138,8.838,14.617,17.636,21.904,60.459,275.09,200.81,0,204.3,7.76,4.18,0.00,3.35,3.35,15.289,50.754,27.347,21.900,38197,504,826,7.61,India,28,Andhra Pradesh,Y.S.R.,2015,Alladupalli,14.250,78.667,15-Mar
53.44,34.59,258,6.6,264.6,2.67,2.85,11.22,0.169,11.391,16.904,15.776,16.838,67.386,334.65,229.27,0,232.7,9.44,4.77,0.00,3.81,3.81,18.027,52.365,26.480,21.155,38198,504,996,7.58,India,28,Andhra Pradesh,Y.S.R.,2015,Chennur,14.574,78.772,15-Mar
51.3,31.13,175,6.3,181.3,2.56,2.56,7.61,0.161,7.773,12.895,19.853,19.866,60.281,230.09,178.43,0,206.68,6.49,3.72,0.00,3.39,3.39,13.593,47.749,27.331,24.920,38202,504,764,8.03,India,28,Andhra Pradesh,Y.S.R.,2016,Alladupalli,14.250,78.667,16-Mar
81.76,34.05,221,6.4,227.4,4.08,2.80,9.61,0.164,9.777,16.659,24.492,16.820,58.688,288.37,179.28,0,328.76,8.13,3.73,0.00,5.39,5.39,17.255,47.142,21.633,31.225,38207,504,980,7.76,India,28,Andhra Pradesh,Y.S.R.,2017,Alladupalli,14.250,78.667,17-Mar
59.32,24.32,169.8,5.9,175.7,2.96,2.00,7.39,0.151,7.537,12.498,23.685,16.012,60.303,219.16,175.3,0,210.61,6.18,3.65,0.00,3.45,3.45,13.284,46.539,27.477,25.984,38208,504,753,7.41,India,28,Andhra Pradesh,Y.S.R.,2017,Chennur,14.574,78.772,17-Mar
32.19,25.71,211.5,5.6,217.1,1.61,2.12,9.20,0.143,9.343,13.065,12.295,16.193,71.512,269.13,148.33,0,209.14,7.59,3.09,0.00,3.43,3.43,14.108,53.813,21.891,24.296,38237,504,672,7.44,India,28,Andhra Pradesh,Y.S.R.,2013,Alladupalli,14.250,78.667,13-May
19.63,25.71,191,5.6,196.6,0.98,2.12,8.31,0.143,8.451,11.546,8.484,18.323,73.193,257.56,129.29,0,156.86,7.27,2.69,0.00,2.57,2.57,12.528,57.993,21.487,20.520,38238,504,657,8.2,India,28,Andhra Pradesh,Y.S.R.,2013,Chennur,14.574,78.772,13-May
35.44,25.58,161,4.7,165.7,1.77,2.10,7.00,0.120,7.123,10.997,16.083,19.141,64.776,212.7,122,0,187.3,6.00,2.54,0.00,3.07,3.07,11.610,51.680,21.880,26.440,38242,504,582,8.23,India,28,Andhra Pradesh,Y.S.R.,2014,Alladupalli,14.250,78.667,14-May
40.5,28.65,154.5,4.8,159.3,2.02,2.36,6.72,0.123,6.843,11.222,18.010,21.009,60.981,204.19,138.45,11.16,170.2,5.76,2.88,0.37,2.79,3.16,11.804,48.796,24.421,26.782,38243,504,615,8.54,India,28,Andhra Pradesh,Y.S.R.,2014,Chennur,14.574,78.772,14-May
53.44,35.67,250.5,6,256.5,2.67,2.94,10.90,0.153,11.050,16.652,16.015,17.627,66.357,331.33,228.1,0,235.4,9.35,4.75,0.00,3.86,3.86,17.954,52.058,26.453,21.489,38247,504,987,8.04,India,28,Andhra Pradesh,Y.S.R.,2015,Alladupalli,14.250,78.667,15-May
44.09,26.75,237.5,5.9,243.4,2.20,2.20,10.33,0.151,10.481,14.883,14.783,14.790,70.426,308.87,209.06,0,200.9,8.71,4.35,0.00,3.29,3.29,16.358,53.262,26.610,20.128,38248,504,891,7.86,India,28,Andhra Pradesh,Y.S.R.,2015,Chennur,14.574,78.772,15-May
48.4,25.29,150.6,5.5,156.1,2.42,2.08,6.55,0.141,6.691,11.188,21.589,18.601,59.810,196.09,137.82,0,210.61,5.53,2.87,0.00,3.45,3.45,11.853,46.668,24.210,29.122,38257,504,670,7.47,India,28,Andhra Pradesh,Y.S.R.,2017,Alladupalli,14.250,78.667,17-May
51.3,24.32,157,5.6,162.6,2.56,2.00,6.83,0.143,6.972,11.534,22.196,17.351,60.452,203.78,157.65,0,210.61,5.75,3.28,0.00,3.45,3.45,12.483,46.051,26.296,27.652,38258,504,699,7.49,India,28,Andhra Pradesh,Y.S.R.,2017,Chennur,14.574,78.772,17-May
53.39,13.33,108.5,3.5,112.0,2.66,1.10,4.72,0.090,4.809,8.570,31.088,12.799,56.113,133.12,94.56,0,209.14,3.76,1.97,0.00,3.43,3.43,9.152,41.033,21.514,37.454,38277,504,482,7.43,India,28,Andhra Pradesh,Y.S.R.,2012,Alladupalli,14.250,78.667,12-Nov
39.25,16.19,110.5,3.6,114.1,1.96,1.33,4.81,0.092,4.899,8.189,23.917,16.268,59.815,133.12,77.46,0,199.18,3.76,1.61,0.00,3.26,3.26,8.632,43.501,18.683,37.816,38278,504,454,7.79,India,28,Andhra Pradesh,Y.S.R.,2012,Chennur,14.574,78.772,12-Nov
17.27,13.33,108.5,3.8,112.3,0.86,1.10,4.72,0.097,4.817,6.775,12.720,16.189,71.091,98.39,24.99,0,219.1,2.78,0.52,0.00,3.59,3.59,6.887,40.302,7.556,52.142,38280,504,368,8.14,India,28,Andhra Pradesh,Y.S.R.,2012,Nandipalli,14.715,79.018,12-Nov
19.39,13.72,79.6,3.6,83.2,0.97,1.13,3.46,0.092,3.554,5.651,17.123,19.978,62.899,120.3,50,0,100.2,3.39,1.04,0.00,1.64,1.64,6.077,55.844,17.132,27.024,38282,504,322,7.67,India,28,Andhra Pradesh,Y.S.R.,2013,Alladupalli,14.250,78.667,13-Nov
8.08,11.76,68.4,3.7,72.1,0.40,0.97,2.98,0.095,3.070,4.441,9.080,21.791,69.129,116.01,27.95,0,58.9,3.27,0.58,0.00,0.97,0.97,4.820,67.897,12.074,20.028,38283,504,284,7.67,India,28,Andhra Pradesh,Y.S.R.,2013,Chennur,14.574,78.772,13-Nov
6.46,8.82,55,3.5,58.5,0.32,0.73,2.39,0.090,2.482,3.530,9.132,20.560,70.308,73.04,13.34,11.59,58.9,2.06,0.28,0.39,0.97,1.35,3.690,55.841,7.528,36.632,38284,504,236,8.41,India,28,Andhra Pradesh,Y.S.R.,2013,Kamalapuram,14.593,78.176,13-Nov
8.08,13.72,123,4.2,127.2,0.40,1.13,5.35,0.107,5.458,6.990,5.769,16.152,78.079,176.16,16.06,0,135.6,4.97,0.33,0.00,2.22,2.22,7.526,66.028,4.443,29.529,38285,504,358,7.77,India,28,Andhra Pradesh,Y.S.R.,2013,Nandipalli,14.715,79.018,13-Nov
43.88,19.46,98.5,2.8,101.3,2.19,1.60,4.28,0.072,4.356,8.147,26.877,19.655,53.468,130.68,82.38,0,207.4,3.69,1.72,0.00,3.40,3.40,8.801,41.887,19.490,38.623,38287,504,432,8.09,India,28,Andhra Pradesh,Y.S.R.,2014,Alladupalli,14.250,78.667,14-Nov
42.19,21.5,99,3.1,102.1,2.11,1.77,4.31,0.079,4.386,8.260,25.489,21.418,53.093,130.68,87.29,0,195.2,3.69,1.82,0.00,3.20,3.20,8.703,42.357,20.883,36.759,38288,504,429,8.04,India,28,Andhra Pradesh,Y.S.R.,2014,Chennur,14.574,78.772,14-Nov
30.38,17.41,90.5,5,95.5,1.52,1.43,3.94,0.128,4.064,7.013,21.617,20.428,57.955,119.56,63.31,0,170.8,3.37,1.32,0.00,2.80,2.80,7.490,45.028,17.599,37.373,38290,504,396,8.17,India,28,Andhra Pradesh,Y.S.R.,2014,Nandipalli,14.715,79.018,14-Nov
66.8,32.43,175,4.5,179.5,3.33,2.67,7.61,0.115,7.727,13.729,24.280,19.437,56.282,231.29,193.16,0,263.63,6.52,4.02,0.00,4.32,4.32,14.867,43.885,27.052,29.062,38292,504,852,7.68,India,28,Andhra Pradesh,Y.S.R.,2015,Alladupalli,14.250,78.667,15-Nov
32.06,17.83,89.8,3.7,93.5,1.60,1.47,3.91,0.095,4.001,7.068,22.636,20.759,56.605,118.4,76.87,0,145.84,3.34,1.60,0.00,2.39,2.39,7.331,45.561,21.833,32.606,38293,504,391,7.81,India,28,Andhra Pradesh,Y.S.R.,2015,Chennur,14.574,78.772,15-Nov
22.71,12.97,41.4,2.7,44.1,1.13,1.07,1.80,0.069,1.870,4.070,27.842,26.220,45.938,55.07,18.92,0,140.23,1.55,0.39,0.00,2.30,2.30,4.246,36.589,9.279,54.132,38294,504,227,8.19,India,28,Andhra Pradesh,Y.S.R.,2015,Kamalapuram,14.593,78.176,15-Nov
24.05,15.4,55.9,3.4,59.3,1.20,1.27,2.43,0.087,2.518,4.986,24.071,25.417,50.512,66.08,45.33,0,157.06,1.86,0.94,0.00,2.57,2.57,5.382,34.635,17.537,47.828,38295,504,277,7.63,India,28,Andhra Pradesh,Y.S.R.,2015,Nandipalli,14.715,79.018,15-Nov
54.51,14.59,82.2,2.7,84.9,2.72,1.20,3.58,0.069,3.645,7.565,35.956,15.870,48.174,108.04,62.69,0,198.25,3.05,1.31,0.00,3.25,3.25,7.602,40.090,17.170,42.740,38297,504,415,7.73,India,28,Andhra Pradesh,Y.S.R.,2016,Alladupalli,14.250,78.667,16-Nov
46.49,13.62,67.4,3.2,70.6,2.32,1.12,2.93,0.082,3.014,6.454,35.945,17.365,46.691,91.83,55.48,0,162.67,2.59,1.16,0.00,2.67,2.67,6.412,40.402,18.017,41.581,38298,504,342,7.91,India,28,Andhra Pradesh,Y.S.R.,2016,Chennur,14.574,78.772,16-Nov
40.83,22.85,110,4.3,114.3,2.04,1.88,4.78,0.110,4.895,8.812,23.121,21.336,55.543,141.8,115.91,0,184.24,4.00,2.41,0.00,3.02,3.02,9.433,42.405,25.585,32.011,38322,504,506,7.38,India,28,Andhra Pradesh,Y.S.R.,2012,Alladupalli,14.250,78.667,12-Oct
34.54,21.9,27.6,1.6,29.2,1.72,1.80,1.20,0.041,1.241,4.767,36.156,37.802,26.041,23.97,83.23,0,169.31,0.68,1.73,0.00,2.77,2.77,5.184,13.043,33.429,53.528,38323,504,523,7.79,India,28,Andhra Pradesh,Y.S.R.,2012,Chennur,14.574,78.772,12-Oct
23.55,15.23,98,4.8,102.8,1.18,1.25,4.26,0.123,4.385,6.814,17.247,18.392,64.361,87.88,29.84,0,258.94,2.48,0.62,0.00,4.24,4.24,7.344,33.755,8.460,57.785,38325,504,434,7.95,India,28,Andhra Pradesh,Y.S.R.,2012,Nandipalli,14.715,79.018,12-Oct
41.75,11.14,67.7,2.6,70.3,2.08,0.92,2.94,0.066,3.011,6.011,34.658,15.249,50.093,90.75,55.65,0,159.2,2.56,1.16,0.00,2.61,2.61,6.328,40.456,18.311,41.233,38327,504,318,7.65,India,28,Andhra Pradesh,Y.S.R.,2013,Alladupalli,14.250,78.667,13-Oct
33.4,11.14,50.3,2.4,52.7,1.67,0.92,2.19,0.061,2.249,4.833,34.489,18.968,46.543,65.23,40.89,0,143.8,1.84,0.85,0.00,2.36,2.36,5.048,36.450,16.865,46.685,38328,504,275,7.4,India,28,Andhra Pradesh,Y.S.R.,2013,Chennur,14.574,78.772,13-Oct
11.69,8.1,21.7,2.3,24.0,0.58,0.67,0.94,0.059,1.003,2.253,25.897,29.589,44.514,25.52,23.14,0,66.8,0.72,0.48,0.00,1.09,1.09,2.296,31.347,20.980,47.673,38329,504,100,7.54,India,28,Andhra Pradesh,Y.S.R.,2013,Kamalapuram,14.593,78.176,13-Oct
30.06,23.29,222.5,3.7,226.2,1.50,1.92,9.68,0.095,9.773,13.189,11.373,14.531,74.096,201.36,32.39,0,395.5,5.68,0.67,0.00,6.48,6.48,12.836,44.250,5.254,50.496,38330,504,620,7.89,India,28,Andhra Pradesh,Y.S.R.,2013,Nandipalli,14.715,79.018,13-Oct
30.38,14.34,70.7,2.6,73.3,1.52,1.18,3.08,0.066,3.142,5.838,25.969,20.213,53.817,93.59,63.11,0,146.4,2.64,1.31,0.00,2.40,2.40,6.353,41.553,20.682,37.765,38332,504,309,8.1,India,28,Andhra Pradesh,Y.S.R.,2014,Alladupalli,14.250,78.667,14-Oct
30.38,15.36,69.1,2.7,71.8,1.52,1.26,3.01,0.069,3.075,5.855,25.895,21.588,52.517,90.75,59.96,0,152.5,2.56,1.25,0.00,2.50,2.50,6.308,40.584,19.792,39.624,38333,504,297,7.66,India,28,Andhra Pradesh,Y.S.R.,2014,Chennur,14.574,78.772,14-Oct
33.75,15.36,91.4,5,96.4,1.68,1.26,3.98,0.128,4.104,7.052,23.884,17.924,58.192,119.11,71.76,0,170.8,3.36,1.49,0.00,2.80,2.80,7.653,43.902,19.523,36.576,38335,504,380,8.14,India,28,Andhra Pradesh,Y.S.R.,2014,Nandipalli,14.715,79.018,14-Oct
48.1,25.13,131,4.1,135.1,2.40,2.07,5.70,0.105,5.803,10.271,23.369,20.133,56.498,167.96,145.54,0,195.2,4.74,3.03,0.00,3.20,3.20,10.967,43.200,27.630,29.170,38337,504,598,7.98,India,28,Andhra Pradesh,Y.S.R.,2015,Alladupalli,14.250,78.667,15-Oct
42.75,25.13,115,3.6,118.6,2.13,2.07,5.00,0.092,5.094,9.295,22.950,22.246,54.804,148.68,107.88,0,177.98,4.19,2.25,0.00,2.92,2.92,9.357,44.822,24.005,31.173,38338,504,497,8.04,India,28,Andhra Pradesh,Y.S.R.,2015,Chennur,14.574,78.772,15-Oct
10.69,7.3,23,1.8,24.8,0.53,0.60,1.00,0.046,1.046,2.181,24.464,27.547,47.989,30.29,8.08,0,68.89,0.85,0.17,0.00,1.13,1.13,2.152,39.710,7.819,52.472,38339,504,110,7.78,India,28,Andhra Pradesh,Y.S.R.,2015,Kamalapuram,14.593,78.176,15-Oct
48.1,11.67,72.4,3.1,75.5,2.40,0.96,3.15,0.079,3.228,6.589,36.429,14.574,48.997,94.53,66.9,0,162.67,2.67,1.39,0.00,2.67,2.67,6.726,39.649,20.711,39.640,38342,504,361,7.42,India,28,Andhra Pradesh,Y.S.R.,2016,Alladupalli,14.250,78.667,16-Oct
46.49,8.76,60.2,3.4,63.6,2.32,0.72,2.62,0.087,2.705,5.746,40.373,12.544,47.082,78.33,54.28,0,137.25,2.21,1.13,0.00,2.25,2.25,5.589,39.533,20.221,40.246,38343,504,308,7.63,India,28,Andhra Pradesh,Y.S.R.,2016,Chennur,14.574,78.772,16-Oct
45.54,13.33,90.6,3.5,94.1,2.27,1.10,3.94,0.090,4.030,7.400,30.711,14.823,54.466,121.83,90.54,0,169.31,3.44,1.89,0.00,2.77,2.77,8.097,42.446,23.283,34.271,38367,504,403,7.57,India,28,Andhra Pradesh,Y.S.R.,2012,Alladupalli,14.250,78.667,12-Sep
10.21,12.85,76.8,3.8,80.6,0.51,1.06,3.34,0.097,3.438,5.005,10.181,21.128,68.691,95.86,70.64,0,59.76,2.70,1.47,0.00,0.98,0.98,5.154,52.463,28.535,19.002,38368,504,356,7.84,India,28,Andhra Pradesh,Y.S.R.,2012,Chennur,14.574,78.772,12-Sep
25.12,20,144,3.8,147.8,1.25,1.65,6.26,0.097,6.361,9.260,13.537,17.773,68.690,123.83,32.56,0,293.8,3.49,0.68,0.00,4.82,4.82,8.986,38.872,7.544,53.584,38370,504,441,7.79,India,28,Andhra Pradesh,Y.S.R.,2012,Nandipalli,14.715,79.018,12-Sep
40.08,9.11,62,2.7,64.7,2.00,0.75,2.70,0.069,2.766,5.516,36.262,13.591,50.146,82.24,54.25,0,143.8,2.32,1.13,0.00,2.36,2.36,5.806,39.955,19.454,40.590,38372,504,277,7.23,India,28,Andhra Pradesh,Y.S.R.,2013,Alladupalli,14.250,78.667,13-Sep
31.73,7.09,44.1,2.5,46.6,1.58,0.58,1.92,0.064,1.982,4.149,38.164,14.062,47.775,62.39,29.92,0,118.1,1.76,0.62,0.00,1.94,1.94,4.318,40.754,14.426,44.820,38373,504,221,7.7,India,28,Andhra Pradesh,Y.S.R.,2013,Chennur,14.574,78.772,13-Sep
15.03,5.06,20.5,2.2,22.7,0.75,0.42,0.89,0.056,0.948,2.114,35.473,19.693,44.834,25.52,22.18,0,66.8,0.72,0.46,0.00,1.09,1.09,2.276,31.623,20.286,48.091,38374,504,94,8,India,28,Andhra Pradesh,Y.S.R.,2013,Kamalapuram,14.593,78.176,13-Sep
30.06,18.23,186.5,4.3,190.8,1.50,1.50,8.11,0.110,8.222,11.222,13.367,13.367,73.266,173,33.35,0,328.8,4.88,0.69,0.00,5.39,5.39,10.963,44.513,6.334,49.153,38375,504,509,7.83,India,28,Andhra Pradesh,Y.S.R.,2013,Nandipalli,14.715,79.018,13-Sep
32.06,12.97,58,3.1,61.1,1.60,1.07,2.52,0.079,2.602,5.269,30.362,20.255,49.383,76.57,53.32,0,140.3,2.16,1.11,0.00,2.30,2.30,5.570,38.781,19.933,41.285,38377,504,285,7.72,India,28,Andhra Pradesh,Y.S.R.,2014,Alladupalli,14.250,78.667,14-Sep
30.28,16.21,64.2,3.2,67.4,1.51,1.33,2.79,0.082,2.874,5.719,26.420,23.322,50.257,85.08,50.76,0,140.3,2.40,1.06,0.00,2.30,2.30,5.756,41.694,18.361,39.946,38378,504,265,7.67,India,28,Andhra Pradesh,Y.S.R.,2014,Chennur,14.574,78.772,14-Sep
28.06,13.78,125,3.6,128.6,1.40,1.13,5.44,0.092,5.529,8.063,17.366,14.063,68.572,162.45,95.13,0,120.56,4.58,1.98,0.00,1.98,1.98,8.539,53.665,23.196,23.139,38382,504,494,7.5,India,28,Andhra Pradesh,Y.S.R.,2015,Alladupalli,14.250,78.667,15-Sep
32.06,20.27,92.9,4.2,97.1,1.60,1.67,4.04,0.107,4.148,7.416,21.573,22.491,55.936,121.15,93.76,0,160.75,3.42,1.95,0.00,2.63,2.63,8.004,42.696,24.390,32.914,38383,504,491,7.77,India,28,Andhra Pradesh,Y.S.R.,2015,Chennur,14.574,78.772,15-Sep
12.02,6.49,25.3,1.8,27.1,0.60,0.53,1.10,0.046,1.147,2.280,26.304,23.419,50.277,33.04,15.85,0,68.89,0.93,0.33,0.00,1.13,1.13,2.391,38.979,13.802,47.219,38384,504,128,7.99,India,28,Andhra Pradesh,Y.S.R.,2015,Kamalapuram,14.593,78.176,15-Sep
25.65,6.81,41,2.6,43.6,1.28,0.56,1.78,0.066,1.850,3.690,34.686,15.185,50.129,54.02,40.66,0,91.5,1.52,0.85,0.00,1.50,1.50,3.870,39.375,21.876,38.749,38387,504,206,7.47,India,28,Andhra Pradesh,Y.S.R.,2016,Alladupalli,14.250,78.667,16-Sep
25.65,5.84,43,2.9,45.9,1.28,0.48,1.87,0.074,1.945,3.705,34.547,12.970,52.483,56.72,39.06,0,96.58,1.60,0.81,0.00,1.58,1.58,3.996,40.039,20.352,39.610,38388,504,216,7.18,India,28,Andhra Pradesh,Y.S.R.,2016,Chennur,14.574,78.772,16-Sep
11.22,2.92,18.8,1.5,20.3,0.56,0.24,0.82,0.038,0.856,1.656,33.805,14.507,51.688,24.31,7.89,10,30.5,0.69,0.16,0.33,0.50,0.83,1.683,40.741,9.760,49.499,38389,504,88,8.42,India,28,Andhra Pradesh,Y.S.R.,2016,Kamalapuram,14.593,78.176,16-Sep
24.92,13.22,21,3.8,24.8,1.24,1.09,0.91,0.097,1.011,3.342,37.210,32.550,30.240,28.4,12.66,9.42,124.4,0.80,0.26,0.31,2.04,2.35,3.417,23.442,7.713,68.845,38407,505,244,16.8,India,28,Andhra Pradesh,East Godavari,2011,Polavaram,17.246,81.660,11-Apr
22.4,11.6,20.4,4,24.4,1.12,0.95,0.89,0.102,0.990,3.062,36.506,31.174,32.320,17.4,8.8,0,168,0.49,0.18,0.00,2.75,2.75,3.427,14.321,5.346,80.333,38408,505,244,16.2,India,28,Andhra Pradesh,East Godavari,2012,Polavaram,17.246,81.660,12-Apr
27.2,14.6,27.8,4.4,32.2,1.36,1.20,1.21,0.113,1.322,3.881,34.979,30.960,34.061,19,10.2,0,164,0.54,0.21,0.00,2.69,2.69,3.436,15.598,6.181,78.222,38409,505,412,16.4,India,28,Andhra Pradesh,East Godavari,2013,Polavaram,17.246,81.660,13-Apr
46.4,24.2,42.6,4.4,47.0,2.32,1.99,1.85,0.113,1.966,6.272,36.916,31.748,31.336,30.6,39,0,226,0.86,0.81,0.00,3.70,3.70,5.379,16.047,15.096,68.857,38410,505,524,16.4,India,28,Andhra Pradesh,East Godavari,2014,Polavaram,17.246,81.660,14-Apr
35.78,10,16.4,4,20.4,1.79,0.82,0.71,0.102,0.816,3.424,52.146,24.032,23.821,21.48,11.6,0,169.3,0.61,0.24,0.00,2.77,2.77,3.622,16.728,6.668,76.604,38416,505,248,16.12,India,28,Andhra Pradesh,East Godavari,2011,Polavaram,17.246,81.660,11-Aug
35.2,19.4,17.8,4.8,22.6,1.76,1.60,0.77,0.123,0.897,4.250,41.331,37.562,21.106,31.6,19,0,142,0.89,0.40,0.00,2.33,2.33,3.614,24.663,10.946,64.391,38417,505,280,16.2,India,28,Andhra Pradesh,East Godavari,2012,Polavaram,17.246,81.660,12-Aug
36,18.4,24.6,3.8,28.4,1.80,1.51,1.07,0.097,1.167,4.478,40.120,33.813,26.067,8.8,19,0,212,0.25,0.40,0.00,3.47,3.47,4.118,6.028,9.606,84.367,38418,505,208,15.2,India,28,Andhra Pradesh,East Godavari,2013,Polavaram,17.246,81.660,13-Aug
48.04,28.16,39.2,4.4,43.6,2.40,2.32,1.71,0.113,1.818,6.532,36.700,35.474,27.826,29.8,31,9.6,278.16,0.84,0.65,0.32,4.56,4.88,6.365,13.207,10.141,76.652,38425,505,340,16.8,India,28,Andhra Pradesh,East Godavari,2011,Polavaram,17.246,81.660,11-Dec
52.8,28.2,32.4,2.2,34.6,2.63,2.32,1.41,0.056,1.466,6.421,41.035,36.140,22.825,20.8,34.6,0,344,0.59,0.72,0.00,5.64,5.64,6.945,8.448,10.373,81.179,38426,505,312,16.4,India,28,Andhra Pradesh,East Godavari,2012,Polavaram,17.246,81.660,12-Dec
46.4,25.2,45.4,5,50.4,2.32,2.07,1.97,0.128,2.103,6.492,35.668,31.943,32.389,20.2,30,0,254,0.57,0.62,0.00,4.16,4.16,5.357,10.636,11.660,77.704,38427,505,364,15.6,India,28,Andhra Pradesh,East Godavari,2013,Polavaram,17.246,81.660,13-Dec
38.06,20.04,22.8,4.4,27.2,1.90,1.65,0.99,0.113,1.104,4.653,40.822,35.443,23.734,35.9,19.12,19.6,179.26,1.01,0.40,0.65,2.94,3.59,5.002,20.246,7.959,71.795,38434,505,320,16.8,India,28,Andhra Pradesh,East Godavari,2011,Polavaram,17.246,81.660,11-Feb
46.44,25.26,32.2,4.4,36.6,2.32,2.08,1.40,0.113,1.513,5.909,39.218,35.175,25.607,37.8,27.4,10.38,237.4,1.07,0.57,0.35,3.89,4.24,5.874,18.154,9.713,72.133,38435,505,320,17,India,28,Andhra Pradesh,East Godavari,2012,Polavaram,17.246,81.660,12-Feb
32,16.6,36.6,4.2,40.8,1.60,1.37,1.59,0.107,1.699,4.662,34.251,29.298,36.450,25,9.8,0,240,0.71,0.20,0.00,3.93,3.93,4.843,14.563,4.214,81.224,38436,505,392,16.2,India,28,Andhra Pradesh,East Godavari,2013,Polavaram,17.246,81.660,13-Feb
41.6,23.4,33.4,4,37.4,2.08,1.93,1.45,0.102,1.555,5.557,37.360,34.653,27.987,21.6,22.8,0,248,0.61,0.47,0.00,4.06,4.06,5.149,11.835,9.221,78.945,38437,505,320,16.2,India,28,Andhra Pradesh,East Godavari,2014,Polavaram,17.246,81.660,14-Feb
46.64,16.98,31.2,4.6,35.8,2.33,1.40,1.36,0.118,1.475,5.199,44.763,26.873,28.364,40.12,20.46,20,193.16,1.13,0.43,0.67,3.17,3.83,5.390,20.997,7.903,71.100,38444,505,428,16.8,India,28,Andhra Pradesh,East Godavari,2011,Polavaram,17.246,81.660,11-Jan
48.04,27.2,38.6,4.6,43.2,2.40,2.24,1.68,0.118,1.797,6.432,37.271,34.797,27.932,28.2,26.2,10.38,290.16,0.80,0.55,0.35,4.76,5.10,6.442,12.348,8.468,79.185,38445,505,396,16.8,India,28,Andhra Pradesh,East Godavari,2012,Polavaram,17.246,81.660,12-Jan
36.8,20.4,37.4,4,41.4,1.84,1.68,1.63,0.102,1.729,5.244,35.018,32.010,32.972,22.6,29,0,244,0.64,0.60,0.00,4.00,4.00,5.240,12.166,11.523,76.312,38446,505,284,16.4,India,28,Andhra Pradesh,East Godavari,2013,Polavaram,17.246,81.660,13-Jan
44.8,23.4,49,4.4,53.4,2.24,1.93,2.13,0.113,2.244,6.405,34.904,30.063,35.033,22,42.4,0,274,0.62,0.88,0.00,4.49,4.49,5.994,10.353,14.728,74.918,38447,505,320,16,India,28,Andhra Pradesh,East Godavari,2014,Polavaram,17.246,81.660,14-Jan
27.7,25.4,31.6,5,36.6,1.38,2.09,1.37,0.128,1.502,4.975,27.786,42.014,30.200,39.84,19.22,9.7,157.74,1.12,0.40,0.32,2.59,2.91,4.433,25.354,9.028,65.617,38454,505,228,16.8,India,28,Andhra Pradesh,East Godavari,2011,Polavaram,17.246,81.660,11-Jul
22.4,11.6,36.2,6.2,42.4,1.12,0.95,1.57,0.159,1.733,3.806,29.374,25.083,45.544,31.6,21.6,0,200,0.89,0.45,0.00,3.28,3.28,4.619,19.299,9.737,70.965,38455,505,424,16,India,28,Andhra Pradesh,East Godavari,2012,Polavaram,17.246,81.660,12-Jul
32,17.4,24,5,29.0,1.60,1.43,1.04,0.128,1.172,4.201,38.017,34.086,27.897,15.2,13.8,0,180,0.43,0.29,0.00,2.95,2.95,3.666,11.695,7.837,80.467,38456,505,264,15.8,India,28,Andhra Pradesh,East Godavari,2013,Polavaram,17.246,81.660,13-Jul
25.28,12.94,21,3.6,24.6,1.26,1.06,0.91,0.092,1.006,3.332,37.863,31.958,30.179,27.56,15.54,9.6,126.88,0.78,0.32,0.32,2.08,2.40,3.500,22.210,9.244,68.547,38463,505,172,16.52,India,28,Andhra Pradesh,East Godavari,2011,Polavaram,17.246,81.660,11-Jun
17.6,9.8,19.6,4.2,23.8,0.88,0.81,0.85,0.107,0.960,2.645,33.210,30.492,36.298,16.2,8,0,132,0.46,0.17,0.00,2.16,2.16,2.787,16.397,5.977,77.626,38464,505,244,16.4,India,28,Andhra Pradesh,East Godavari,2012,Polavaram,17.246,81.660,12-Jun
28.8,15.6,15.6,3.4,19.0,1.44,1.28,0.68,0.087,0.766,3.486,41.223,36.820,21.957,11.4,14.2,0,186,0.32,0.30,0.00,3.05,3.05,3.666,8.773,8.066,83.161,38465,505,152,15.8,India,28,Andhra Pradesh,East Godavari,2013,Polavaram,17.246,81.660,13-Jun
28.38,15.5,23.8,4.6,28.4,1.42,1.28,1.04,0.118,1.153,3.845,36.837,33.175,29.987,35.9,20.14,0,160.98,1.01,0.42,0.00,2.64,2.64,4.070,24.880,10.302,64.818,38472,505,280,16.4,India,28,Andhra Pradesh,East Godavari,2011,Polavaram,17.246,81.660,11-Mar
32,18.4,28.6,4.2,32.8,1.60,1.51,1.24,0.107,1.351,4.462,35.785,33.930,30.285,26.6,14,10.2,204,0.75,0.29,0.34,3.34,3.68,4.725,15.880,6.169,77.951,38473,505,288,16.8,India,28,Andhra Pradesh,East Godavari,2012,Polavaram,17.246,81.660,12-Mar
32,17.4,41.2,5.4,46.6,1.60,1.43,1.79,0.138,1.930,4.959,32.203,28.873,38.924,26.8,10.6,0,190,0.76,0.22,0.00,3.11,3.11,4.091,18.481,5.395,76.124,38474,505,432,16.4,India,28,Andhra Pradesh,East Godavari,2013,Polavaram,17.246,81.660,13-Mar
48,26.2,39.2,4.2,43.4,2.40,2.16,1.71,0.107,1.813,6.364,37.640,33.878,28.482,24.6,33.6,0,264,0.69,0.70,0.00,4.33,4.33,5.720,12.131,12.230,75.639,38475,505,320,16.4,India,28,Andhra Pradesh,East Godavari,2014,Polavaram,17.246,81.660,14-Mar
25.22,20.38,17,4,21.0,1.26,1.68,0.74,0.102,0.842,3.777,33.318,44.397,22.285,28.4,18.84,9.6,136.64,0.80,0.39,0.32,2.24,2.56,3.753,21.348,10.453,68.199,38482,505,248,16.8,India,28,Andhra Pradesh,East Godavari,2011,Polavaram,17.246,81.660,11-May
17.6,10.6,16.6,3.8,20.4,0.88,0.87,0.72,0.097,0.819,2.570,34.178,33.943,31.880,14.6,14.2,0,104,0.41,0.30,0.00,1.70,1.70,2.412,17.075,12.258,70.667,38483,505,240,16.4,India,28,Andhra Pradesh,East Godavari,2012,Polavaram,17.246,81.660,12-May
28,16,28.4,4.2,32.6,1.40,1.32,1.24,0.107,1.343,4.057,34.444,32.456,33.100,16.4,5.2,0,170,0.46,0.11,0.00,2.79,2.79,3.357,13.781,3.225,82.994,38484,505,264,16.4,India,28,Andhra Pradesh,East Godavari,2013,Polavaram,17.246,81.660,13-May
27.2,13.6,48,4.8,52.8,1.36,1.12,2.09,0.123,2.211,4.687,28.959,23.876,47.164,17.4,38.8,10,152,0.49,0.81,0.33,2.49,2.82,4.123,11.904,19.593,68.502,38485,505,284,17,India,28,Andhra Pradesh,East Godavari,2014,Polavaram,17.246,81.660,14-May
42.26,17.22,33,4.4,37.4,2.11,1.42,1.44,0.113,1.548,5.074,41.564,27.928,30.508,23.52,18.6,29.38,219.1,0.66,0.39,0.98,3.59,4.57,5.621,11.804,6.890,81.306,38491,505,348,16.6,India,28,Andhra Pradesh,East Godavari,2011,Polavaram,17.246,81.660,11-Nov
46.4,27.2,39,4,43.0,2.32,2.24,1.70,0.102,1.799,6.352,36.451,35.234,28.315,21.8,16.4,10.2,248,0.61,0.34,0.34,4.06,4.40,5.361,11.471,6.370,82.159,38492,505,416,16.8,India,28,Andhra Pradesh,East Godavari,2012,Polavaram,17.246,81.660,12-Nov
40,22,40.6,5.2,45.8,2.00,1.81,1.77,0.133,1.899,5.705,34.986,31.730,33.284,19.6,28,0,234,0.55,0.58,0.00,3.84,3.84,4.971,11.122,11.728,77.150,38493,505,320,15.8,India,28,Andhra Pradesh,East Godavari,2013,Polavaram,17.246,81.660,13-Nov
38.76,10.56,67.4,5.4,72.8,1.93,0.87,2.93,0.138,3.070,5.873,32.934,14.796,52.270,52.62,38.9,0,209.14,1.48,0.81,0.00,3.43,3.43,5.722,25.941,14.155,59.903,38500,505,272,15.2,India,28,Andhra Pradesh,East Godavari,2011,Polavaram,17.246,81.660,11-Oct
40,36.8,26.6,3.8,30.4,2.00,3.03,1.16,0.097,1.254,6.279,31.793,48.231,19.976,12,56,0,224,0.34,1.17,0.00,3.67,3.67,5.176,6.540,22.528,70.931,38501,505,404,16.2,India,28,Andhra Pradesh,East Godavari,2012,Polavaram,17.246,81.660,12-Oct
54.4,28,28.4,4.2,32.6,2.71,2.30,1.24,0.107,1.343,6.362,42.674,36.219,21.107,19.4,39,0,248,0.55,0.81,0.00,4.06,4.06,5.424,10.090,14.972,74.939,38502,505,500,16,India,28,Andhra Pradesh,East Godavari,2013,Polavaram,17.246,81.660,13-Oct
39.38,11.34,22,4,26.0,1.97,0.93,0.96,0.102,1.059,3.958,49.656,23.579,26.765,12.14,6.3,0,229.06,0.34,0.13,0.00,3.75,3.75,4.228,8.100,3.103,88.797,38509,505,344,15,India,28,Andhra Pradesh,East Godavari,2011,Polavaram,17.246,81.660,11-Sep
35.2,18.4,16.8,4.2,21.0,1.76,1.51,0.73,0.107,0.838,4.109,42.751,36.850,20.399,11,27.4,0,152,0.31,0.57,0.00,2.49,2.49,3.372,9.202,16.919,73.879,38510,505,168,15.8,India,28,Andhra Pradesh,East Godavari,2012,Polavaram,17.246,81.660,12-Sep
48,27.2,35.6,4.4,40.0,2.40,2.24,1.55,0.113,1.661,6.295,38.054,35.558,26.388,46.2,36,0,240,1.30,0.75,0.00,3.93,3.93,5.986,21.771,12.522,65.708,38511,505,396,16,India,28,Andhra Pradesh,East Godavari,2013,Polavaram,17.246,81.660,13-Sep
31.2,17.8,42.2,2.3,44.5,1.56,1.46,1.84,0.059,1.894,4.916,31.671,29.794,38.535,39.8,41,5,168,1.12,0.85,0.17,2.75,2.92,4.896,22.929,17.435,59.636,38525,506,330,8.4,India,28,Andhra Pradesh,Guntur,2014,Wadenepally,16.794,80.073,14-Apr
28.8,16.2,74.93,3.15,78.1,1.44,1.33,3.26,0.081,3.340,6.110,23.522,21.817,54.661,63.8,68.75,4.2,134.5,1.80,1.43,0.14,2.20,2.34,5.575,32.279,25.674,42.047,38529,506,351,8.5,India,28,Andhra Pradesh,Guntur,2016,Wadenepally,16.794,80.073,16-Apr
62.4,23.1,88.19,3.5,91.7,3.11,1.90,3.84,0.090,3.926,8.940,34.830,21.262,43.908,84,236.8,10.3,202.6,2.37,4.93,0.34,3.32,3.66,10.964,21.613,44.971,33.417,38531,506,433,8.3,India,28,Andhra Pradesh,Guntur,2017,Wadenepally,16.794,80.073,17-Apr
20,9.2,84.8,4.4,89.2,1.00,0.76,3.69,0.113,3.801,5.556,17.963,13.625,68.412,92.6,91,0,88,2.61,1.89,0.00,1.44,1.44,5.949,43.908,31.849,24.243,38541,506,476,8.2,India,28,Andhra Pradesh,Guntur,2013,Wadenepally,16.794,80.073,13-Aug
51.2,29.6,89.48,4.86,94.3,2.56,2.44,3.89,0.124,4.016,9.007,28.367,27.042,44.592,100.9,116.2,0,220,2.85,2.42,0.00,3.61,3.61,8.871,32.084,27.272,40.644,38545,506,544,8,India,28,Andhra Pradesh,Guntur,2015,Wadenepally,16.794,80.073,15-Aug
27.23,15.84,72.21,3.31,75.5,1.36,1.30,3.14,0.085,3.226,5.888,23.079,22.138,54.784,81.12,46.5,0,175.38,2.29,0.97,0.00,2.87,2.87,6.131,37.325,15.792,46.883,38547,506,383,8.6,India,28,Andhra Pradesh,Guntur,2016,Wadenepally,16.794,80.073,16-Aug
40,22.8,63.5,3.4,66.9,2.00,1.88,2.76,0.087,2.849,6.721,29.698,27.914,42.388,55.3,19,5,232,1.56,0.40,0.17,3.80,3.97,5.924,26.331,6.677,66.992,38558,506,650,8.4,India,28,Andhra Pradesh,Guntur,2013,Vijayawada,16.501,80.625,13-Dec
44.1,25.3,65.3,3.8,69.1,2.20,2.08,2.84,0.097,2.938,7.220,30.480,28.834,40.686,62,67.2,0,250,1.75,1.40,0.00,4.10,4.10,7.245,24.139,19.311,56.550,38559,506,448,8.1,India,28,Andhra Pradesh,Guntur,2013,Wadenepally,16.794,80.073,13-Dec
29.6,16.6,56.6,2.76,59.4,1.48,1.37,2.46,0.071,2.533,5.376,27.478,25.411,47.111,50.7,70,0,166,1.43,1.46,0.00,2.72,2.72,5.608,25.501,25.988,48.511,38563,506,349,8,India,28,Andhra Pradesh,Guntur,2015,Wadenepally,16.794,80.073,15-Dec
39,21.3,66.47,4.74,71.2,1.95,1.75,2.89,0.121,3.012,6.711,28.998,26.116,44.886,67.71,77.5,0,205.43,1.91,1.61,0.00,3.37,3.37,6.890,27.720,23.418,48.862,38565,506,345,8.2,India,28,Andhra Pradesh,Guntur,2016,Wadenepally,16.794,80.073,16-Dec
35.2,19.9,49,2.4,51.4,1.76,1.64,2.13,0.061,2.193,5.587,31.441,29.310,39.248,48.7,60,0,196,1.37,1.25,0.00,3.21,3.21,5.835,23.542,21.409,55.049,38579,506,314,8.2,India,28,Andhra Pradesh,Guntur,2014,Wadenepally,16.794,80.073,14-Feb
32,17.4,61.27,3.35,64.6,1.60,1.43,2.67,0.086,2.751,5.779,27.630,24.774,47.595,59,85.25,6.4,172,1.66,1.78,0.21,2.82,3.03,6.472,25.717,27.428,46.855,38583,506,353,8.5,India,28,Andhra Pradesh,Guntur,2016,Wadenepally,16.794,80.073,16-Feb
41.1,13,158,9.7,167.7,2.05,1.07,6.87,0.248,7.121,10.241,20.027,10.445,69.528,80.8,218.4,2.4,221.1,2.28,4.55,0.08,3.62,3.70,10.530,21.645,43.184,35.171,38585,506,441,8.4,India,28,Andhra Pradesh,Guntur,2017,Wadenepally,16.794,80.073,17-Feb
30.4,17,49.8,2.4,52.2,1.52,1.40,2.17,0.061,2.228,5.143,29.494,27.197,43.308,43,38.4,0,171,1.21,0.80,0.00,2.80,2.80,4.815,25.191,16.605,58.204,38599,506,314,8.1,India,28,Andhra Pradesh,Guntur,2014,Wadenepally,16.794,80.073,14-Jan
32.8,18.7,73.44,3.21,76.7,1.64,1.54,3.19,0.082,3.277,6.452,25.369,23.849,50.782,62.9,81.25,0,195.3,1.77,1.69,0.00,3.20,3.20,6.667,26.614,25.375,48.011,38603,506,384,8.1,India,28,Andhra Pradesh,Guntur,2016,Wadenepally,16.794,80.073,16-Jan
57.8,31.5,28.73,4.61,33.3,2.88,2.59,1.25,0.118,1.368,6.844,42.144,37.873,19.982,100.5,126.1,0,172.1,2.83,2.63,0.00,2.82,2.82,8.281,34.234,31.705,34.060,38605,506,435,8,India,28,Andhra Pradesh,Guntur,2017,Wadenepally,16.794,80.073,17-Jan
37,21.4,84.8,2.4,87.2,1.85,1.76,3.69,0.061,3.750,7.357,25.096,23.935,50.969,80.7,83,0,174,2.28,1.73,0.00,2.85,2.85,6.856,33.202,25.205,41.592,38617,506,468,8.2,India,28,Andhra Pradesh,Guntur,2013,Wadenepally,16.794,80.073,13-Jul
36.8,20.9,84.61,3.3,87.9,1.84,1.72,3.68,0.084,3.765,7.321,25.085,23.492,51.424,76,76,0,198,2.14,1.58,0.00,3.25,3.25,6.971,30.753,22.699,46.549,38621,506,374,8.09,India,28,Andhra Pradesh,Guntur,2015,Wadenepally,16.794,80.073,15-Jul
30.4,17.5,71.8,2.8,74.6,1.52,1.44,3.12,0.072,3.195,6.152,24.660,23.408,51.931,63.7,48,0,157,1.80,1.00,0.00,2.57,2.57,5.369,33.465,18.613,47.921,38635,506,350,8,India,28,Andhra Pradesh,Guntur,2013,Wadenepally,16.794,80.073,13-Jun
36.8,20.9,78.66,3.13,81.8,1.84,1.72,3.42,0.080,3.502,7.058,26.020,24.368,49.613,69.6,74.75,0,214,1.96,1.56,0.00,3.51,3.51,7.027,27.940,22.149,49.912,38639,506,404,8.2,India,28,Andhra Pradesh,Guntur,2015,Wadenepally,16.794,80.073,15-Jun
29.63,17.49,76.32,3.59,79.9,1.48,1.44,3.32,0.092,3.412,6.329,23.361,22.739,53.900,65.61,60,1.2,158,1.85,1.25,0.04,2.59,2.63,5.730,32.302,21.804,45.893,38641,506,366,8.5,India,28,Andhra Pradesh,Guntur,2016,Wadenepally,16.794,80.073,16-Jun
32.6,27,67.26,0.34,67.6,1.63,2.22,2.93,0.009,2.934,6.783,23.984,32.755,43.260,78.4,61.52,0,182.5,2.21,1.28,0.00,2.99,2.99,6.484,34.111,19.757,46.133,38643,506,369,7.91,India,28,Andhra Pradesh,Guntur,2017,Wadenepally,16.794,80.073,17-Jun
36.8,20.4,49.7,2.1,51.8,1.84,1.68,2.16,0.054,2.216,5.731,32.046,29.293,38.661,53.1,72.5,0,178,1.50,1.51,0.00,2.92,2.92,5.925,25.282,25.479,49.239,38655,506,354,8.2,India,28,Andhra Pradesh,Guntur,2014,Wadenepally,16.794,80.073,14-Mar
29.7,16.1,68.71,2.73,71.4,1.48,1.32,2.99,0.070,3.059,5.865,25.268,22.587,52.145,60.14,57,7.68,139.6,1.70,1.19,0.26,2.29,2.54,5.427,31.259,21.868,46.873,38659,506,384,8.6,India,28,Andhra Pradesh,Guntur,2016,Wadenepally,16.794,80.073,16-Mar
52.8,22.2,87.56,3.73,91.3,2.63,1.83,3.81,0.095,3.904,8.366,31.496,21.837,46.667,91.1,78,0,190.1,2.57,1.62,0.00,3.12,3.12,7.309,35.157,22.219,42.624,38661,506,459,8,India,28,Andhra Pradesh,Guntur,2017,Wadenepally,16.794,80.073,17-Mar
39.2,21.9,82,2.8,84.8,1.96,1.80,3.57,0.072,3.638,7.397,26.447,24.364,49.189,64.6,60,0,240,1.82,1.25,0.00,3.93,3.93,7.005,26.014,17.834,56.152,38675,506,458,8.2,India,28,Andhra Pradesh,Guntur,2014,Wadenepally,16.794,80.073,14-May
47.2,34.5,93.4,3.89,97.3,2.36,2.84,4.06,0.099,4.162,9.356,25.174,30.342,44.484,104.3,124.3,13.3,210.4,2.94,2.59,0.44,3.45,3.89,9.422,31.227,27.469,41.304,38681,506,508,7.8,India,28,Andhra Pradesh,Guntur,2017,Wadenepally,16.794,80.073,17-May
26.4,15.5,37.7,2.9,40.6,1.32,1.28,1.64,0.074,1.714,4.307,30.589,29.614,39.797,33.8,15.5,0,149,0.95,0.32,0.00,2.44,2.44,3.718,25.643,8.680,65.677,38690,506,320,8.1,India,28,Andhra Pradesh,Guntur,2013,Vijayawada,16.501,80.625,13-Nov
29.6,16.5,39.8,2,41.8,1.48,1.36,1.73,0.051,1.782,4.617,31.992,29.406,38.602,35.3,52,0,138,1.00,1.08,0.00,2.26,2.26,4.340,22.943,24.946,52.111,38691,506,268,8.1,India,28,Andhra Pradesh,Guntur,2013,Wadenepally,16.794,80.073,13-Nov
38.4,22,95.85,4.25,100.1,1.92,1.81,4.17,0.109,4.278,8.004,23.940,22.616,53.444,84.41,89,0,222.5,2.38,1.85,0.00,3.65,3.65,7.881,30.214,23.514,46.272,38695,506,262,7.5,India,28,Andhra Pradesh,Guntur,2015,Wadenepally,16.794,80.073,15-Nov
34.57,18.87,62.61,4.51,67.1,1.73,1.55,2.72,0.115,2.839,6.117,28.204,25.386,46.410,55.11,49,4.8,140.2,1.55,1.02,0.16,2.30,2.46,5.033,30.891,20.273,48.837,38697,506,322,8.5,India,28,Andhra Pradesh,Guntur,2016,Wadenepally,16.794,80.073,16-Nov
25.6,15.1,41.3,2.6,43.9,1.28,1.24,1.80,0.066,1.863,4.383,29.147,28.349,42.504,34.9,40,5.2,132,0.98,0.83,0.17,2.16,2.34,4.154,23.700,20.049,56.251,38708,506,256,8.7,India,28,Andhra Pradesh,Guntur,2013,Vijayawada,16.501,80.625,13-Oct
28,14.6,43,2.4,45.4,1.40,1.20,1.87,0.061,1.932,4.530,30.842,26.518,42.640,22.3,66,0,135,0.63,1.37,0.00,2.21,2.21,4.216,14.921,32.596,52.482,38709,506,260,8.2,India,28,Andhra Pradesh,Guntur,2013,Wadenepally,16.794,80.073,13-Oct
38.4,21.8,83.69,4.27,88.0,1.92,1.79,3.64,0.109,3.749,7.460,25.688,24.048,50.264,78.68,107.8,0,166,2.22,2.24,0.00,2.72,2.72,7.185,30.892,31.241,37.867,38713,506,494,7.7,India,28,Andhra Pradesh,Guntur,2015,Wadenepally,16.794,80.073,15-Oct
46.2,25.2,50.3,3.89,54.2,2.31,2.07,2.19,0.099,2.287,6.667,34.583,31.105,34.312,62.6,70.7,0,166.12,1.77,1.47,0.00,2.72,2.72,5.960,29.626,24.697,45.677,38715,506,289,8.2,India,28,Andhra Pradesh,Guntur,2016,Wadenepally,16.794,80.073,16-Oct
28.8,16,48.2,2.6,50.8,1.44,1.32,2.10,0.066,2.163,4.917,29.230,26.777,43.993,44.7,40.5,0,174,1.26,0.84,0.00,2.85,2.85,4.956,25.443,17.015,57.542,38726,506,288,8.2,India,28,Andhra Pradesh,Guntur,2013,Vijayawada,16.501,80.625,13-Sep
28.8,16.5,48,2.6,50.6,1.44,1.36,2.09,0.066,2.154,4.949,29.038,27.433,43.529,43.8,47.5,0,151,1.24,0.99,0.00,2.47,2.47,4.699,26.292,21.046,52.662,38727,506,352,7.9,India,28,Andhra Pradesh,Guntur,2013,Wadenepally,16.794,80.073,13-Sep
40.8,23.3,98.42,4.48,102.9,2.04,1.92,4.28,0.115,4.396,8.349,24.387,22.965,52.649,97.3,97,0,200.34,2.74,2.02,0.00,3.28,3.28,8.048,34.105,25.096,40.799,38731,506,580,8.2,India,28,Andhra Pradesh,Guntur,2015,Wadenepally,16.794,80.073,15-Sep
34.82,19.01,63.03,2.78,65.8,1.74,1.56,2.74,0.071,2.813,6.115,28.417,25.583,46.000,60.2,55.75,4.8,169.4,1.70,1.16,0.16,2.78,2.94,5.795,29.303,20.030,50.667,38733,506,539,8.5,India,28,Andhra Pradesh,Guntur,2016,Wadenepally,16.794,80.073,16-Sep
40.8,24.3,52.2,1.9,54.1,2.04,2.00,2.27,0.049,2.319,6.355,32.039,31.466,36.495,69.9,57,0,253,1.97,1.19,0.00,4.15,4.15,7.305,26.992,16.246,56.761,38747,510,458,7.7,India,28,Andhra Pradesh,Krishna,2014,Paleru Bridge,16.949,80.049,14-Apr
34,19.9,68.53,1.55,70.1,1.70,1.64,2.98,0.040,3.021,6.355,26.700,25.769,47.532,64.5,63.5,0,212,1.82,1.32,0.00,3.47,3.47,6.616,27.501,19.984,52.516,38749,510,402,8.2,India,28,Andhra Pradesh,Krishna,2015,Paleru Bridge,16.949,80.049,15-Apr
83.2,4.9,69.6,2.1,71.7,4.15,0.40,3.03,0.054,3.081,7.636,54.371,5.280,40.349,51.9,39.4,5.2,377,1.46,0.82,0.17,6.18,6.35,8.636,16.952,9.499,73.549,38762,510,590,8.3,India,28,Andhra Pradesh,Krishna,2013,Keesara,16.715,80.320,13-Aug
43.3,25.3,101.4,4.2,105.6,2.16,2.08,4.41,0.107,4.518,8.761,24.665,23.764,51.572,63.9,47,0,317,1.80,0.98,0.00,5.20,5.20,7.976,22.598,12.268,65.133,38780,510,486,8.2,India,28,Andhra Pradesh,Krishna,2013,Keesara,16.715,80.320,13-Dec
56.9,33,65.4,3.2,68.6,2.84,2.72,2.84,0.082,2.927,8.482,33.478,32.017,34.505,69.7,34,0,315,1.97,0.71,0.00,5.16,5.16,7.837,25.089,9.033,65.877,38781,510,448,8.1,India,28,Andhra Pradesh,Krishna,2013,Paleru Bridge,16.949,80.049,13-Dec
45.7,26.7,91.8,2.4,94.2,2.28,2.20,3.99,0.061,4.054,8.532,26.729,25.751,47.520,85.6,42,0,282,2.41,0.87,0.00,4.62,4.62,7.911,30.523,11.054,58.422,38800,510,584,8.2,India,28,Andhra Pradesh,Krishna,2014,Keesara,16.715,80.320,14-Feb
51.3,29.6,53.5,2.6,56.1,2.56,2.44,2.33,0.066,2.394,7.389,34.645,32.963,32.393,59.5,86,0,292,1.68,1.79,0.00,4.79,4.79,8.255,20.333,21.692,57.975,38801,510,454,7.8,India,28,Andhra Pradesh,Krishna,2014,Paleru Bridge,16.949,80.049,14-Feb
50.5,29.6,68.8,3.1,71.9,2.52,2.44,2.99,0.079,3.072,8.028,31.392,30.341,38.266,89,36,0,271,2.51,0.75,0.00,4.44,4.44,7.702,32.598,9.733,57.669,38821,510,454,7.8,India,28,Andhra Pradesh,Krishna,2014,Paleru Bridge,16.949,80.049,14-Jan
55.3,31.6,56.2,2.1,58.3,2.76,2.60,2.44,0.054,2.498,7.858,35.118,33.090,31.792,74.3,68.5,0,307,2.10,1.43,0.00,5.03,5.03,8.554,24.503,16.674,58.823,38877,510,494,7.8,India,28,Andhra Pradesh,Krishna,2014,Paleru Bridge,16.949,80.049,14-Mar
45.7,26.2,88,4,92.0,2.28,2.16,3.83,0.102,3.930,8.367,27.258,25.769,46.973,66.6,56.5,0,346,1.88,1.18,0.00,5.67,5.67,8.726,21.531,13.482,64.988,38897,510,718,7.5,India,28,Andhra Pradesh,Krishna,2014,Paleru Bridge,16.949,80.049,14-May
34.8,19.2,155.74,6.72,162.5,1.74,1.58,6.77,0.172,6.946,10.263,16.922,15.395,67.683,147.6,100.75,4.2,281,4.16,2.10,0.14,4.61,4.75,11.007,37.828,19.059,43.113,38898,510,680,8.4,India,28,Andhra Pradesh,Krishna,2015,Keesara,16.715,80.320,15-May
44,25,66.021,3.82,69.8,2.20,2.06,2.87,0.098,2.969,7.222,30.402,28.484,41.115,63.9,63.5,0,272,1.80,1.32,0.00,4.46,4.46,7.583,23.772,17.437,58.791,38899,510,548,7.9,India,28,Andhra Pradesh,Krishna,2015,Paleru Bridge,16.949,80.049,15-May
56.1,32.6,58,3.2,61.2,2.80,2.68,2.52,0.082,2.605,8.087,34.619,33.172,32.209,56.8,32,0,278,1.60,0.67,0.00,4.56,4.56,6.825,23.477,9.763,66.760,38913,510,378,8,India,28,Andhra Pradesh,Krishna,2013,Paleru Bridge,16.949,80.049,13-Nov
35.2,17,58.2,2.6,60.8,1.76,1.40,2.53,0.066,2.598,5.753,30.531,24.314,45.156,47,26,0,228,1.33,0.54,0.00,3.74,3.74,5.604,23.659,9.660,66.681,38930,510,366,8.1,India,28,Andhra Pradesh,Krishna,2013,Keesara,16.715,80.320,13-Oct
47.3,28.2,60.2,2.4,62.6,2.36,2.32,2.62,0.061,2.680,7.361,32.067,31.525,36.408,61.6,43.5,0,268,1.74,0.91,0.00,4.39,4.39,7.036,24.698,12.873,62.429,38931,510,418,8,India,28,Andhra Pradesh,Krishna,2013,Paleru Bridge,16.949,80.049,13-Oct
57.7,33,77.8,4,81.8,2.88,2.72,3.38,0.102,3.486,9.081,31.707,29.902,38.391,82.7,75.5,0,303,2.33,1.57,0.00,4.97,4.97,8.871,26.298,17.721,55.981,38949,510,458,7.8,India,28,Andhra Pradesh,Krishna,2013,Paleru Bridge,16.949,80.049,13-Sep
34.54,19.04,110,3.1,113.1,1.72,1.57,4.78,0.079,4.864,8.154,21.138,19.214,59.649,141.8,29.83,0,219.1,4.00,0.62,0.00,3.59,3.59,8.212,48.709,7.563,43.727,38968,515,395,7.97,India,28,Andhra Pradesh,Spsr Nellore,2013,Naidupet,13.948,79.896,13-Apr
32.97,16.19,117.5,3.7,121.2,1.65,1.33,5.11,0.095,5.206,8.183,20.106,16.280,63.614,144.69,54.88,0,204.16,4.08,1.14,0.00,3.35,3.35,8.570,47.625,13.333,39.042,38969,515,426,7.77,India,28,Andhra Pradesh,Spsr Nellore,2013,Nellore CWC,14.450,79.983,13-Apr
33.75,16.37,90.9,4.3,95.2,1.68,1.35,3.95,0.110,4.064,7.095,23.738,18.986,57.277,119.11,53.97,0,175.9,3.36,1.12,0.00,2.88,2.88,7.367,45.611,15.254,39.135,38972,515,396,7.61,India,28,Andhra Pradesh,Spsr Nellore,2014,Nellore CWC,14.450,79.983,14-Apr
33.85,17.29,94.1,3.2,97.3,1.69,1.42,4.09,0.082,4.175,7.287,23.181,19.525,57.294,121.95,56.93,0,198.6,3.44,1.19,0.00,3.25,3.25,7.880,43.654,15.042,41.304,38975,515,403,7.92,India,28,Andhra Pradesh,Spsr Nellore,2015,Nellore CWC,14.450,79.983,15-Apr
22.44,10.7,44.6,2.8,47.4,1.12,0.88,1.94,0.072,2.012,4.012,27.912,21.947,50.141,61.54,24.62,0,114.82,1.74,0.51,0.00,1.88,1.88,4.130,42.029,12.411,45.560,38978,515,216,8.02,India,28,Andhra Pradesh,Spsr Nellore,2016,Nellore CWC,14.450,79.983,16-Apr
28.86,24.31,112,4.9,116.9,1.44,2.00,4.87,0.125,4.997,8.438,17.069,23.708,59.223,109.96,41.329,0,312.69,3.10,0.86,0.00,5.12,5.12,9.087,34.135,9.470,56.396,38993,515,405,8.13,India,28,Andhra Pradesh,Spsr Nellore,2012,Nellore CWC,14.450,79.983,12-Aug
35.07,18.23,122,4.9,126.9,1.75,1.50,5.31,0.125,5.432,8.682,20.157,17.278,62.565,150.31,84.95,0,189.22,4.24,1.77,0.00,3.10,3.10,9.110,46.543,19.416,34.041,38996,515,437,7.25,India,28,Andhra Pradesh,Spsr Nellore,2013,Nellore CWC,14.450,79.983,13-Aug
31.4,10.47,52.2,3.8,56.0,1.57,0.86,2.27,0.097,2.368,4.796,32.670,17.963,49.367,68.01,15.41,0,169.31,1.92,0.32,0.00,2.77,2.77,5.014,38.261,6.399,55.340,39019,515,281,8,India,28,Andhra Pradesh,Spsr Nellore,2012,Naidupet,13.948,79.896,12-Dec
37.68,14.28,98.7,4.7,103.4,1.88,1.18,4.29,0.120,4.413,7.469,25.176,15.733,59.091,115.76,63.18,0,189.22,3.27,1.32,0.00,3.10,3.10,7.682,42.507,17.124,40.369,39020,515,426,7.84,India,28,Andhra Pradesh,Spsr Nellore,2012,Nellore CWC,14.450,79.983,12-Dec
14.13,8.57,21.3,2,23.3,0.71,0.71,0.93,0.051,0.978,2.388,29.528,29.532,40.940,37.62,9.13,0,79.67,1.06,0.19,0.00,1.31,1.31,2.557,41.502,7.434,51.064,39021,515,121,7.63,India,28,Andhra Pradesh,Spsr Nellore,2012,Sulurpet,13.708,80.010,12-Dec
33.75,16.37,94.8,3.8,98.6,1.68,1.35,4.12,0.097,4.221,7.252,23.224,18.575,58.201,121.95,41.13,0,198.6,3.44,0.86,0.00,3.25,3.25,7.551,45.556,11.341,43.104,39022,515,375,7.55,India,28,Andhra Pradesh,Spsr Nellore,2013,Naidupet,13.948,79.896,13-Dec
25.31,14.34,65.3,3.5,68.8,1.26,1.18,2.84,0.090,2.930,5.373,23.507,21.962,54.531,86.19,26.17,0,146.4,2.43,0.54,0.00,2.40,2.40,5.376,45.229,10.136,44.635,39025,515,278,7.65,India,28,Andhra Pradesh,Spsr Nellore,2014,Naidupet,13.948,79.896,14-Dec
33.75,19.46,75.8,3.5,79.3,1.68,1.60,3.30,0.090,3.387,6.672,25.243,24.000,50.757,100.09,52.57,0,164.7,2.82,1.09,0.00,2.70,2.70,6.617,42.667,16.541,40.792,39026,515,333,8.18,India,28,Andhra Pradesh,Spsr Nellore,2014,Nellore CWC,14.450,79.983,14-Dec
28.69,12.29,62.9,3.1,66.0,1.43,1.01,2.74,0.079,2.815,5.258,27.228,19.233,53.540,83.41,19.29,0,158.6,2.35,0.40,0.00,2.60,2.60,5.354,43.948,7.502,48.550,39027,515,283,7.83,India,28,Andhra Pradesh,Spsr Nellore,2014,Sulurpet,13.708,80.010,14-Dec
14.7,4.86,19.1,2.2,21.3,0.73,0.40,0.83,0.056,0.887,2.021,36.305,19.792,43.902,27.53,8.71,0,72.92,0.78,0.18,0.00,1.20,1.20,2.153,36.069,8.423,55.508,39028,515,110,7.8,India,28,Andhra Pradesh,Spsr Nellore,2015,Naidupet,13.948,79.896,15-Dec
30.73,11.35,66.6,3.7,70.3,1.53,0.93,2.90,0.095,2.992,5.459,28.091,17.109,54.800,88.11,45.92,0,151.45,2.49,0.96,0.00,2.48,2.48,5.924,41.958,16.140,41.902,39029,515,319,7.66,India,28,Andhra Pradesh,Spsr Nellore,2015,Nellore CWC,14.450,79.983,15-Dec
16.03,4.86,18.1,1.8,19.9,0.80,0.40,0.79,0.046,0.833,2.033,39.344,19.669,40.987,24.78,9.07,0,72.92,0.70,0.19,0.00,1.20,1.20,2.083,33.559,9.066,57.375,39030,515,108,8.06,India,28,Andhra Pradesh,Spsr Nellore,2015,Sulurpet,13.708,80.010,15-Dec
25.65,13.62,74.3,3.9,78.2,1.28,1.12,3.23,0.100,3.332,5.732,22.329,19.551,58.119,104.63,54.23,0,115.44,2.95,1.13,0.00,1.89,1.89,5.973,49.417,18.905,31.677,39032,515,324,8.09,India,28,Andhra Pradesh,Spsr Nellore,2016,Nellore CWC,14.450,79.983,16-Dec
16.03,9.73,49.5,2.7,52.2,0.80,0.80,2.15,0.069,2.222,3.823,20.926,20.944,58.130,66.08,33.06,0,94.45,1.86,0.69,0.00,1.55,1.55,4.100,45.461,16.788,37.752,39033,515,216,7.86,India,28,Andhra Pradesh,Spsr Nellore,2016,Sulurpet,13.708,80.010,16-Dec
34.54,14.28,124.5,3.8,128.3,1.72,1.18,5.42,0.097,5.513,8.411,20.492,13.970,65.538,144.69,27.17,0,229.06,4.08,0.57,0.00,3.75,3.75,8.401,48.582,6.734,44.685,39049,515,370,7.89,India,28,Andhra Pradesh,Spsr Nellore,2013,Naidupet,13.948,79.896,13-Feb
47.11,15.23,130,5.9,135.9,2.35,1.25,5.65,0.151,5.806,9.410,24.984,13.319,61.697,153.38,76.85,0,204.16,4.33,1.60,0.00,3.35,3.35,9.273,46.660,17.256,36.084,39050,515,427,7.55,India,28,Andhra Pradesh,Spsr Nellore,2013,Nellore CWC,14.450,79.983,13-Feb
25.12,13.33,68.2,5.1,73.3,1.25,1.10,2.97,0.130,3.097,5.447,23.012,20.136,56.852,95.51,15.05,9.8,149.39,2.69,0.31,0.33,2.45,2.77,5.783,46.592,5.419,47.989,39051,515,296,8.5,India,28,Andhra Pradesh,Spsr Nellore,2013,Sulurpet,13.708,80.010,13-Feb
18.56,16.37,89,3.2,92.2,0.93,1.35,3.87,0.082,3.953,6.226,14.875,21.635,63.490,116.28,39.13,0,141.9,3.28,0.81,0.00,2.33,2.33,6.420,51.088,12.690,36.222,39052,515,339,8.03,India,28,Andhra Pradesh,Spsr Nellore,2014,Naidupet,13.948,79.896,14-Feb
25.31,19.44,80.1,2.8,82.9,1.26,1.60,3.48,0.072,3.556,6.418,19.678,24.923,55.399,104.93,51.77,0,153.2,2.96,1.08,0.00,2.51,2.51,6.549,45.199,16.460,38.341,39053,515,338,7.91,India,28,Andhra Pradesh,Spsr Nellore,2014,Nellore CWC,14.450,79.983,14-Feb
38.81,19.46,78.1,3,81.1,1.94,1.60,3.40,0.077,3.474,7.012,27.621,22.837,49.542,116.28,39.63,0,207.4,3.28,0.83,0.00,3.40,3.40,7.504,43.709,10.996,45.295,39055,515,373,8.11,India,28,Andhra Pradesh,Spsr Nellore,2015,Naidupet,13.948,79.896,15-Feb
22.44,11.67,48.7,2.8,51.5,1.12,0.96,2.12,0.072,2.190,4.270,26.225,22.489,51.286,72.24,28.15,0,103.34,2.04,0.59,0.00,1.69,1.69,4.318,47.198,13.575,39.227,39058,515,229,7.81,India,28,Andhra Pradesh,Spsr Nellore,2016,Naidupet,13.948,79.896,16-Feb
19.24,9.73,42.4,2.9,45.3,0.96,0.80,1.84,0.074,1.918,3.679,26.096,21.762,52.143,56.18,23.47,0,103.34,1.58,0.49,0.00,1.69,1.69,3.767,42.069,12.972,44.959,39059,515,199,7.3,India,28,Andhra Pradesh,Spsr Nellore,2016,Nellore CWC,14.450,79.983,16-Feb
25.65,14.59,48.5,3,51.5,1.28,1.20,2.11,0.077,2.186,4.667,27.427,25.725,46.848,63.44,33.07,0,123.28,1.79,0.69,0.00,2.02,2.02,4.499,39.781,15.306,44.913,39061,515,261,8.18,India,28,Andhra Pradesh,Spsr Nellore,2017,Naidupet,13.948,79.896,17-Feb
45.54,10.47,92.7,4,96.7,2.27,0.86,4.03,0.102,4.134,7.269,31.265,11.853,56.881,118.68,20.02,0,239.02,3.35,0.42,0.00,3.92,3.92,7.682,43.580,5.426,50.994,39079,515,350,7.8,India,28,Andhra Pradesh,Spsr Nellore,2013,Naidupet,13.948,79.896,13-Jan
37.68,20,113.5,4.5,118.0,1.88,1.65,4.94,0.115,5.052,8.578,21.920,19.185,58.894,133.12,70.99,0,199.18,3.76,1.48,0.00,3.26,3.26,8.498,44.191,17.394,38.415,39080,515,385,7.94,India,28,Andhra Pradesh,Spsr Nellore,2013,Nellore CWC,14.450,79.983,13-Jan
29.83,16.19,61.5,2.6,64.1,1.49,1.33,2.68,0.066,2.742,5.562,26.762,23.951,49.288,81.03,16.51,0,169.31,2.29,0.34,0.00,2.77,2.77,5.404,42.295,6.361,51.345,39081,515,243,7.7,India,28,Andhra Pradesh,Spsr Nellore,2013,Sulurpet,13.708,80.010,13-Jan
20.25,15.35,94,3.1,97.1,1.01,1.26,4.09,0.079,4.168,6.442,15.687,19.609,64.704,127.62,42.14,0,124.8,3.60,0.88,0.00,2.05,2.05,6.523,55.191,13.451,31.357,39082,515,355,7.93,India,28,Andhra Pradesh,Spsr Nellore,2014,Naidupet,13.948,79.896,14-Jan
25.31,15.35,78.3,3.4,81.7,1.26,1.26,3.41,0.087,3.493,6.019,20.984,20.986,58.030,104.93,50.76,0,130.5,2.96,1.06,0.00,2.14,2.14,6.156,48.085,17.169,34.745,39083,515,333,7.85,India,28,Andhra Pradesh,Spsr Nellore,2014,Nellore CWC,14.450,79.983,14-Jan
28.69,18.43,67.1,3.6,70.7,1.43,1.52,2.92,0.092,3.011,5.959,24.026,25.450,50.524,97.31,26.88,0,170.8,2.74,0.56,0.00,2.80,2.80,6.104,44.971,9.169,45.860,39085,515,320,7.61,India,28,Andhra Pradesh,Spsr Nellore,2015,Naidupet,13.948,79.896,15-Jan
52.1,21.08,64,2.6,66.6,2.60,1.73,2.78,0.066,2.850,7.185,36.186,24.143,39.671,93.64,30.53,0,252.61,2.64,0.64,0.00,4.14,4.14,7.417,35.613,8.570,55.817,39088,515,382,7.96,India,28,Andhra Pradesh,Spsr Nellore,2016,Naidupet,13.948,79.896,16-Jan
28.06,11.35,53.4,3.2,56.6,1.40,0.93,2.32,0.082,2.405,4.739,29.549,19.709,50.742,74.91,30.69,0,137.79,2.11,0.64,0.00,2.26,2.26,5.010,42.175,12.754,45.072,39089,515,286,7.5,India,28,Andhra Pradesh,Spsr Nellore,2016,Nellore CWC,14.450,79.983,16-Jan
33.67,21.39,90.2,5,95.2,1.68,1.76,3.92,0.128,4.051,7.492,22.428,23.494,54.078,92.78,40.1,0,267.2,2.62,0.83,0.00,4.38,4.38,7.831,33.420,10.661,55.919,39107,515,378,7.98,India,28,Andhra Pradesh,Spsr Nellore,2012,Nellore CWC,14.450,79.983,12-Jul
35.07,14.18,119,6.1,125.1,1.75,1.17,5.18,0.156,5.332,8.249,21.215,14.145,64.640,159.16,57.64,0,189.22,4.49,1.20,0.00,3.10,3.10,8.791,51.072,13.652,35.276,39110,515,418,7.46,India,28,Andhra Pradesh,Spsr Nellore,2013,Nellore CWC,14.450,79.983,13-Jul
33.67,24.31,89,5.6,94.6,1.68,2.00,3.87,0.143,4.014,7.695,21.835,25.996,52.169,116.84,53.44,0,189.73,3.30,1.11,0.00,3.11,3.11,7.518,43.840,14.800,41.360,39134,515,386,7.53,India,28,Andhra Pradesh,Spsr Nellore,2012,Nellore CWC,14.450,79.983,12-Jun
39.25,22.85,94.3,3,97.3,1.96,1.88,4.10,0.077,4.179,8.017,24.430,23.452,52.118,127.33,20.4,0,253.96,3.59,0.42,0.00,4.16,4.16,8.179,43.916,5.193,50.890,39163,515,403,8.15,India,28,Andhra Pradesh,Spsr Nellore,2013,Naidupet,13.948,79.896,13-Mar
34.54,14.28,97.4,4.2,101.6,1.72,1.18,4.24,0.107,4.344,7.243,23.798,16.224,59.978,127.33,36.4,0,194.2,3.59,0.76,0.00,3.18,3.18,7.532,47.684,10.062,42.254,39164,515,419,7.86,India,28,Andhra Pradesh,Spsr Nellore,2013,Nellore CWC,14.450,79.983,13-Mar
42.4,13.33,91.2,3.3,94.5,2.12,1.10,3.97,0.084,4.051,7.264,29.128,15.100,55.772,124.44,24.6,0,234.04,3.51,0.51,0.00,3.84,3.84,7.858,44.670,6.518,48.812,39165,515,401,7.84,India,28,Andhra Pradesh,Spsr Nellore,2013,Sulurpet,13.708,80.010,13-Mar
33.75,19.44,101,3.8,104.8,1.68,1.60,4.39,0.097,4.490,7.774,21.664,20.576,57.760,133.29,39.33,0,204.3,3.76,0.82,0.00,3.35,3.35,7.927,47.431,10.330,42.238,39166,515,387,8.15,India,28,Andhra Pradesh,Spsr Nellore,2014,Naidupet,13.948,79.896,14-Mar
23.63,17.39,85.4,4,89.4,1.18,1.43,3.71,0.102,3.817,6.427,18.347,22.265,59.388,110.6,53.77,0,147.5,3.12,1.12,0.00,2.42,2.42,6.657,46.867,16.818,36.315,39167,515,340,7.81,India,28,Andhra Pradesh,Spsr Nellore,2014,Nellore CWC,14.450,79.983,14-Mar
26.72,15.13,81.8,3.1,84.9,1.33,1.25,3.56,0.079,3.637,6.216,21.452,20.030,58.518,107.77,53.17,0,153.2,3.04,1.11,0.00,2.51,2.51,6.658,45.661,16.628,37.712,39169,515,352,8.16,India,28,Andhra Pradesh,Spsr Nellore,2015,Naidupet,13.948,79.896,15-Mar
19.24,9.73,42,2.6,44.6,0.96,0.80,1.83,0.066,1.893,3.654,26.275,21.911,51.814,56.18,25.1,0,91.86,1.58,0.52,0.00,1.51,1.51,3.613,43.864,14.465,41.670,39173,515,195,7.16,India,28,Andhra Pradesh,Spsr Nellore,2016,Nellore CWC,14.450,79.983,16-Mar
15.7,6.67,40.8,2.8,43.6,0.78,0.55,1.77,0.072,1.846,3.179,24.648,17.267,58.085,52.09,11.39,0,99.59,1.47,0.24,0.00,1.63,1.63,3.339,44.010,7.103,48.887,39217,515,179,7.44,India,28,Andhra Pradesh,Spsr Nellore,2012,Naidupet,13.948,79.896,12-Nov
18.84,13.33,97,4.6,101.6,0.94,1.10,4.22,0.118,4.337,6.374,14.750,17.209,68.041,118.65,45.07,0,144.41,3.35,0.94,0.00,2.37,2.37,6.652,50.314,14.107,35.579,39218,515,400,8.12,India,28,Andhra Pradesh,Spsr Nellore,2012,Nellore CWC,14.450,79.983,12-Nov
14.13,7.62,40.4,2.5,42.9,0.71,0.63,1.76,0.064,1.821,3.153,22.361,19.884,57.755,46.3,12.19,0,104.57,1.31,0.25,0.00,1.71,1.71,3.274,39.896,7.753,52.351,39219,515,171,7.34,India,28,Andhra Pradesh,Spsr Nellore,2012,Sulurpet,13.708,80.010,12-Nov
21.01,17.64,95.3,6.5,101.8,1.05,1.45,4.15,0.166,4.312,6.812,15.392,21.310,63.297,128.9,26.6,0,188.6,3.64,0.55,0.00,3.09,3.09,7.281,49.940,7.607,42.453,39220,515,359,7.86,India,28,Andhra Pradesh,Spsr Nellore,2013,Naidupet,13.948,79.896,13-Nov
29.09,15.68,107.5,4.8,112.3,1.45,1.29,4.68,0.123,4.799,7.541,19.251,17.111,63.638,111.02,59.5,0,182.7,3.13,1.24,0.00,2.99,2.99,7.365,42.522,16.821,40.656,39221,515,411,7.39,India,28,Andhra Pradesh,Spsr Nellore,2013,Nellore CWC,14.450,79.983,13-Nov
12.93,12.74,69.9,3.7,73.6,0.65,1.05,3.04,0.095,3.135,4.829,13.363,21.711,64.926,94.52,23.23,0,123.8,2.67,0.48,0.00,2.03,2.03,5.179,51.483,9.339,39.177,39222,515,250,7.63,India,28,Andhra Pradesh,Spsr Nellore,2013,Sulurpet,13.708,80.010,13-Nov
25.31,17.41,60.7,3.8,64.5,1.26,1.43,2.64,0.097,2.737,5.433,23.247,26.368,50.385,88.97,31.89,0,158.6,2.51,0.66,0.00,2.60,2.60,5.773,43.473,11.502,45.025,39223,515,294,8.01,India,28,Andhra Pradesh,Spsr Nellore,2014,Naidupet,13.948,79.896,14-Nov
35.44,18.43,97.5,6.3,103.8,1.77,1.52,4.24,0.161,4.402,7.687,23.006,19.728,57.265,139.02,66.84,0,176.9,3.92,1.39,0.00,2.90,2.90,8.213,47.751,16.946,35.303,39224,515,402,7.46,India,28,Andhra Pradesh,Spsr Nellore,2014,Nellore CWC,14.450,79.983,14-Nov
23.63,12.29,63.9,2.8,66.7,1.18,1.01,2.78,0.072,2.851,5.042,23.389,20.059,56.551,83.41,23.99,0,146.4,2.35,0.50,0.00,2.40,2.40,5.252,44.802,9.511,45.687,39225,515,265,7.97,India,28,Andhra Pradesh,Spsr Nellore,2014,Sulurpet,13.708,80.010,14-Nov
13.36,7.3,20.3,3.4,23.7,0.67,0.60,0.88,0.087,0.970,2.237,29.799,26.849,43.353,27.53,11.39,0,72.92,0.78,0.24,0.00,1.20,1.20,2.209,35.158,10.737,54.105,39226,515,126,7.42,India,28,Andhra Pradesh,Spsr Nellore,2015,Naidupet,13.948,79.896,15-Nov
10.69,4.86,21,2.2,23.2,0.53,0.40,0.91,0.056,0.970,1.903,28.031,21.014,50.955,27.53,14.15,0,56.09,0.78,0.29,0.00,0.92,0.92,1.990,39.015,14.801,46.183,39227,515,105,7.6,India,28,Andhra Pradesh,Spsr Nellore,2015,Nellore CWC,14.450,79.983,15-Nov
17.37,4.86,20.9,2,22.9,0.87,0.40,0.91,0.051,0.960,2.227,38.923,17.958,43.119,27.53,12.93,0,67.31,0.78,0.27,0.00,1.10,1.10,2.149,36.138,12.528,51.334,39228,515,118,7.58,India,28,Andhra Pradesh,Spsr Nellore,2015,Sulurpet,13.708,80.010,15-Nov
31.4,18.09,26.1,3.2,29.3,1.57,1.49,1.14,0.082,1.217,4.273,36.674,34.840,28.486,33.95,35,0,179.27,0.96,0.73,0.00,2.94,2.94,4.625,20.709,15.758,63.533,39244,515,404,8.22,India,28,Andhra Pradesh,Spsr Nellore,2012,Naidupet,13.948,79.896,12-Oct
32.97,18.09,113.5,4.3,117.8,1.65,1.49,4.94,0.110,5.047,8.181,20.112,18.196,61.692,163.77,60.09,0,189.22,4.62,1.25,0.00,3.10,3.10,8.972,51.490,13.945,34.565,39245,515,378,7.64,India,28,Andhra Pradesh,Spsr Nellore,2012,Nellore CWC,14.450,79.983,12-Oct
21.98,14.28,87.1,3.9,91.0,1.10,1.18,3.79,0.100,3.888,6.160,17.805,19.075,63.120,121.83,29.72,0,159.35,3.44,0.62,0.00,2.61,2.61,6.667,51.547,9.282,39.172,39246,515,329,7.8,India,28,Andhra Pradesh,Spsr Nellore,2012,Sulurpet,13.708,80.010,12-Oct
16.16,7.84,75.6,4.4,80.0,0.81,0.65,3.29,0.113,3.401,4.852,16.619,13.295,70.086,97.39,18.57,0,117.9,2.75,0.39,0.00,1.93,1.93,5.066,54.227,7.632,38.141,39247,515,267,7.49,India,28,Andhra Pradesh,Spsr Nellore,2013,Naidupet,13.948,79.896,13-Oct
33.4,15.19,108,3.5,111.5,1.67,1.25,4.70,0.090,4.787,7.704,21.635,16.225,62.140,136.13,74.99,7.58,154.1,3.84,1.56,0.25,2.53,2.78,8.180,46.947,19.089,33.965,39248,515,398,8.3,India,28,Andhra Pradesh,Spsr Nellore,2013,Nellore CWC,14.450,79.983,13-Oct
17.78,10.78,70.4,4.2,74.6,0.89,0.89,3.06,0.107,3.170,4.944,17.947,17.942,64.111,91.55,24.75,0,129.7,2.58,0.52,0.00,2.13,2.13,5.224,49.440,9.865,40.694,39249,515,265,7.38,India,28,Andhra Pradesh,Spsr Nellore,2013,Sulurpet,13.708,80.010,13-Oct
28.69,14.34,106.5,6.6,113.1,1.43,1.18,4.63,0.169,4.801,7.413,19.314,15.918,64.768,141.8,71.37,12,128.1,4.00,1.49,0.40,2.10,2.50,7.985,50.091,18.609,31.300,39251,515,382,9.34,India,28,Andhra Pradesh,Spsr Nellore,2014,Nellore CWC,14.450,79.983,14-Oct
31.4,16.19,113,4.1,117.1,1.57,1.33,4.92,0.105,5.020,7.919,19.787,16.823,63.391,115.84,51.56,0,204.16,3.27,1.07,0.00,3.35,3.35,7.687,42.508,13.965,43.527,39272,515,400,7.84,India,28,Andhra Pradesh,Spsr Nellore,2012,Nellore CWC,14.450,79.983,12-Sep
20.04,5.06,46.6,3.4,50.0,1.00,0.42,2.03,0.087,2.114,3.530,28.327,11.794,59.879,56.72,12.01,0,107.9,1.60,0.25,0.00,1.77,1.77,3.618,44.218,6.911,48.871,39274,515,179,7.76,India,28,Andhra Pradesh,Spsr Nellore,2013,Naidupet,13.948,79.896,13-Sep
35.07,15.19,120,4.3,124.3,1.75,1.25,5.22,0.110,5.330,8.330,21.010,15.006,63.984,153.14,76.39,0,177.2,4.32,1.59,0.00,2.90,2.90,8.815,49.008,18.044,32.947,39275,515,403,7.75,India,28,Andhra Pradesh,Spsr Nellore,2013,Nellore CWC,14.450,79.983,13-Sep
13.36,5.06,40.1,2.4,42.5,0.67,0.42,1.74,0.061,1.806,2.889,23.080,14.414,62.506,51.05,20.5,0,61.6,1.44,0.43,0.00,1.01,1.01,2.876,50.063,14.839,35.098,39276,515,136,7.32,India,28,Andhra Pradesh,Spsr Nellore,2013,Sulurpet,13.708,80.010,13-Sep
