ROWID,Country,StateLGDCode,State,DistrictLGDCode,District,Year,OBJECTID *,OBJECTID *,Ground Water Station Name,y,x,Amount of Arsenic,Amount of carbonate,Amount of Calcium,Amount of Chloride,Amount of Electrical Conductivity,Amount of Fluorine,Amount of Iron,Amount of Hydrogencarbonate,Amount of Potassium,Amount of Magnesium,Amount of Nitrate,Amount of Sodium,Percentage of Sodium,Amount of Phosphate Ion,Amount of Residual Sodium Carbonate,Amount of Sodium absorption ratio,Amount of Sulfate,Amount of Silicon dioxide,Amount of Hardness Total,Amount of Alkalinity Total,Amount of Total Dissolved Solids,Amount of Potential of Hydrogen,Mark for Deletion
134857,India,28,Andhra Pradesh,502,Anantapur,2011,713,897,Adivi Brahmanapalli,14.353333,78.0375, , ,34,121,1537,2.1, ,494,4,58.39,180,216, , ,3.2,5.21,77, ,325,404.9, ,7.89,No
134858,India,28,Andhra Pradesh,502,Anantapur,2011,714,898,Alampur,14.191667,78.163889, , ,24,149,1189,3.8, ,415,4,29.2,2,200, , ,6.4,6.48,58, ,180,340.2, ,7.92,No
134859,India,28,Andhra Pradesh,502,Anantapur,2011,715,899,Amidala,14.841667,77.25, , ,114,238,1850,0.14, ,226,160,47.55,370,120, , , ,2.38,125, ,480,185.3, ,7.6,No
134862,India,28,Andhra Pradesh,502,Anantapur,2011,718,902,Bontula Dinne,14.841667,78.093333, , ,88,1560,9990,0.8, ,781,176,175.4,600,1748, , , ,24.79,1560, ,941,640.2, ,7.87,No
134864,India,28,Andhra Pradesh,502,Anantapur,2011,720,904,Budipalli,13.966667,77.166667, , ,38,43,662,1.8, ,201,1,17.07,95,76, , , ,2.57,24, ,165,164.8, ,7.82,No
134868,India,28,Andhra Pradesh,502,Anantapur,2011,724,908,Dharmavaram,14.411667,77.72, , ,20,60,661,1.2, ,287,5,20.69,4,99, , ,4,3.71,24, ,135,235.3, ,8.13,No
134869,India,28,Andhra Pradesh,502,Anantapur,2011,725,909,Gooty-alt,15.116667,77.643056, , ,48,326,2017,0.03, ,659,133,46.25,9,258, , ,9.2,6.37,29, ,310,540.2, ,7.86,No
134871,India,28,Andhra Pradesh,502,Anantapur,2011,727,911,Govinavaripalli,13.975,77.877778, , ,62,64,862,2.1, ,287,9,20.74,69,81, , , ,2.27,38, ,240,235.3, ,7.64,No
134875,India,28,Andhra Pradesh,502,Anantapur,2011,731,915,Guntakal2,15.168056,77.376389, , ,56,355,2635,0.37, ,390,297,63.28,299,225, , ,  ,4.89,192, ,400,319.7, ,7.8,No
134876,India,28,Andhra Pradesh,502,Anantapur,2011,732,916,Ingaluru,14.047222,78.038889, , ,88,319,2727,0.5, ,744,282,32.93,200,313, , ,10.18,7.23,161, ,355,609.8, ,8.25,No
134879,India,28,Andhra Pradesh,502,Anantapur,2011,734,919,Kalyandurg-alt,14.546667,77.11, , ,16,85,1276,4.5, ,659,1,34.06,2,239, , ,14.4,7.75,29, ,180,540.2, ,8.19,No
134885,India,28,Andhra Pradesh,502,Anantapur,2011,737,925,Korrapadu,14.753333,77.713333, , ,136,425,2147,0.58, ,220,1,85.5,149,166, , , ,2.75,144, ,691,180.3, ,7.4,No
134886,India,28,Andhra Pradesh,502,Anantapur,2011,738,926,Kothapalem,13.883333,77.133333, , ,40,50,644,1.8, ,244,1,32.87,20,46, , , ,1.31,46, ,235,200, ,7.87,No
134892,India,28,Andhra Pradesh,502,Anantapur,2011,743,932,Madakasira1,13.958333,77.241667, , ,88,206,1550,0.37, ,348,47,23.2,149,184, , , ,4.51,77, ,315,285.3, ,7.97,No
134893,India,28,Andhra Pradesh,502,Anantapur,2011,744,933,Malakavemula-rs,14.27,78.0575, , ,26,103,1080,1.5, ,354,1,65.68,60,97, , , ,2.31,58, ,335,290.2, ,8.02,No
134901,India,28,Andhra Pradesh,502,Anantapur,2011,752,941,Narpala(sultanpet).1,14.705833,77.822222, ,   ,120,702,3226,0.97, ,268,27,146.27,100,322, ,  ,  ,4.67,326, ,901,219.7, ,7.28,No
134902,India,28,Andhra Pradesh,502,Anantapur,2011,753,942,Nilakanthapuram,13.916667,77.2, , ,44,206,1336,1.2, ,305,1,74.21,120,147, , ,  ,3.14,96, ,415,250, ,7.78,No
134906,India,28,Andhra Pradesh,502,Anantapur,2011,756,946,Palasamudram,13.972778,77.731389, , ,50,188,1820,0.78, ,604,164,14.65,100,244, , ,12.4,7.8,75, ,185,495.1, ,8.12,No
134910,India,28,Andhra Pradesh,502,Anantapur,2011,760,950,Penukonda,14.072222,77.581667, , ,20,181,1710,1.2, ,598,12,37.71,100,317, , ,11.4,9.63,83, ,205,490.2, ,7.95,No
134914,India,28,Andhra Pradesh,502,Anantapur,2011,763,954,Rayadurg-new,14.7,76.85, , ,58,156,1260,0.39, ,226,15,17.09,180,179, , , ,5.31,72, ,215,185.3, ,8,No
134916,India,28,Andhra Pradesh,502,Anantapur,2011,765,956,Reddipalli,14.216667,78, , ,56,50,734,2.4, ,262,1,24.38,69,71, , , ,1.99,53, ,240,214.8, ,7.8,No
134917,India,28,Andhra Pradesh,502,Anantapur,2011,766,957,Rolla,13.85,77.1, , ,30,71,569,0.37, ,183,4,20.7,20,58, , , ,1.99,24, ,160,150, ,7.79,No
134924,India,28,Andhra Pradesh,502,Anantapur,2011,774,965,Vajrakarur,15.008333,77.416667, , ,100,103,1460,0.87, ,177,2,47.53,130,138, , , ,2.85,336, ,445,145.1, ,7.72,No
134925,India,28,Andhra Pradesh,502,Anantapur,2011,775,966,Waddipalli,14.671667,77.458333, , ,28,333,2289,1.8, ,433,4,36.5,120,446, , ,5.4,13.08,252, ,220,354.9, ,7.9,No
134997,India,28,Andhra Pradesh,502,Anantapur,2013,839,1037,Adivi Brahmanapalli,14.353333,78.0375, , ,28,142,1621,1.91, ,506,3,76.62,184,220, , ,1.18,4.88,84, ,385,414.8, ,7.98,No
134998,India,28,Andhra Pradesh,502,Anantapur,2013,840,1038,Alampur,14.191667,78.163889, , ,20,181,1370,3.4, ,415,3,42.57, ,210, , ,4.6,6.09,75, ,225,340.2, ,8.18,No
134999,India,28,Andhra Pradesh,502,Anantapur,2013,841,1039,Amidala,14.841667,77.25, , ,116,202,1690,0.17, ,232,140,36.61,226,70, , , ,1.45,80, ,440,190.2, ,7.48,No
135001,India,28,Andhra Pradesh,502,Anantapur,2013,843,1041,Batrepally 2013DW,14.250833,78.180278, , ,32,163,1373,1.6, ,378,14,46.23,23,185, ,  ,1.6,4.9,118, ,270,309.8, ,8,No
135002,India,28,Andhra Pradesh,502,Anantapur,2013,844,1042,Bontula Dinne,14.841667,78.093333, ,  ,42,241,1876,0.55, ,366,7,35.31,31,305, ,  ,2,8.39,240, ,250,300, ,7.94,No
135004,India,28,Andhra Pradesh,502,Anantapur,2013,846,1044,Budipalli,13.966667,77.166667, , ,26,128,1060,4.25, ,311,1,24.34,39,170, ,  ,3.6,5.76,48, ,165,254.9, ,8.04,No
135008,India,28,Andhra Pradesh,502,Anantapur,2013,850,1048,Dharmavaram,14.411667,77.72,  , ,88,496,2394,0.6, ,238,5,63.32,166,331,, , ,6.57,142, ,480,195.1, ,7.75,No
135009,India,28,Andhra Pradesh,502,Anantapur,2013,851,1049,Gooty-alt,15.116667,77.643056, , ,48,355,2129,0.03, ,634,150,55.98,26,250, ,  ,6.78,5.81,38, ,350,519.7, ,7.98,No
135010,India,28,Andhra Pradesh,502,Anantapur,2013,852,1050,Gorantla,13.983333,77.766667, , ,24,53,786,3.83, ,293,2,24.34,24,106, , ,3.2,3.65,36, ,160,240.2, ,8.17,No
135011,India,28,Andhra Pradesh,502,Anantapur,2013,853,1051,Govinavaripalli,13.975,77.877778, ,  ,18,53,788,2.4, ,372,,20.69,8,132, , ,7,5.04,23, ,130,304.9, ,8.13,No
135015,India,28,Andhra Pradesh,502,Anantapur,2013,857,1055,Guntakal2,15.168056,77.376389, , ,40,347,2410,0.29, ,360,270,55.97,220,244, , , ,5.84,141, ,330,295.1, ,7.99,No
135016,India,28,Andhra Pradesh,502,Anantapur,2013,858,1056,Ingaluru,14.047222,78.038889, ,18,92,369,2654,0.31, ,714,300,48.74,99,260, , ,7.4,5.45,131, ,430,615.3, ,8.37,No
135019,India,28,Andhra Pradesh,502,Anantapur,2013,860,1059,Kalyandurg-alt,14.546667,77.11, ,12,14,124,1593,4.68, ,695,9,19.47,5,330, , ,18.98,13.39,55, ,115,589.7, ,8.44,No
135025,India,28,Andhra Pradesh,502,Anantapur,2013,863,1065,Korrapadu,14.753333,77.713333, , ,38,43,593,0.82, ,250,2,26.79,12,50, , ,0,1.52,25, ,205,204.9, ,7.94,No
135026,India,28,Andhra Pradesh,502,Anantapur,2013,864,1066,Kothapalem,13.883333,77.133333, , ,88,167,1197,1.22, ,293,20,25.64,68,110, , , ,2.65,53, ,325,240.2, ,8.15,No
135032,India,28,Andhra Pradesh,502,Anantapur,2013,869,1072,Madakasira1,13.958333,77.241667, , ,60,216,1531,0.43, ,366,41,24.39,84,207, , ,2,5.69,73, ,250,300, ,7.95,No
135033,India,28,Andhra Pradesh,502,Anantapur,2013,870,1073,Malakavemula-rs,14.27,78.0575, , ,46,92,1008,0.49, ,293,,70.56,102,50, , , ,1.08,43, ,405,240.2, ,7.71,No
135034,India,28,Andhra Pradesh,502,Anantapur,2013,871,1074,Mamillakunta,14.166667,77.758333, , ,62,195,1350,0.71, ,171,6,35.33,176,150, , , ,3.77,64, ,300,140.2, ,7.75,No
135038,India,28,Andhra Pradesh,502,Anantapur,2013,875,1078,Nallacheruvu 2013DW,13.987222,78.187778, , ,42,64,972,1.08, ,354,2,43.81,47,89, , ,0.2,2.29,49, ,285,290.2, ,7.84,No
135041,India,28,Andhra Pradesh,502,Anantapur,2013,878,1081,Narpala(sultanpet).1,14.705833,77.822222, , ,34,110,1084,2, ,348,,59.61,33,105, , , ,2.51,76, ,330,285.3, ,8,No
135042,India,28,Andhra Pradesh,502,Anantapur,2013,879,1082,Nilakanthapuram,13.916667,77.2, ,  ,38,223,1205,1.9, ,226,2,36.52,9,156, , , ,4.34,68, ,245,185.3, ,7.87,No
135045,India,28,Andhra Pradesh,502,Anantapur,2013,881,1085,Palaram 2013DW,13.956667,77.108333, , ,48,503,2268,0.95, ,311,14,60.84,6,330, , , ,7.46,122, ,370,254.9, ,7.73,No
135046,India,28,Andhra Pradesh,502,Anantapur,2013,882,1086,Palasamudram,13.972778,77.731389, ,24,42,312,2410,0.18, ,677,220,64.48,129,280, , ,9,6.33,96, ,370,594.9, ,8.41,No
135049,India,28,Andhra Pradesh,502,Anantapur,2013,885,1089,Pedapalli 2013DW,14.063889,77.774444, , ,196,482,2370,1.12, ,146,4,80.71,220,150, , , ,2.28,144, ,821,119.7, ,7.34,No
135050,India,28,Andhra Pradesh,502,Anantapur,2013,886,1090,Penukonda,14.072222,77.581667, , ,18,230,1922,1.18, ,519,7,47.43,147,330, , ,7.42,9.27,78, ,240,425.4, ,8.22,No
135052,India,28,Andhra Pradesh,502,Anantapur,2013,887,1092,Poolakunta 2013DW,14.626667,77.699167, , ,80,110,1324,1.65, ,207,2,56.02,188,100, , , ,2.1,155, ,430,169.7, ,7.69,No
135054,India,28,Andhra Pradesh,502,Anantapur,2013,889,1094,Rayadurg-new,14.7,76.85, , ,64,138,1093, , ,195,8,9.8,93,142, , , ,4.37,40, ,200,159.8, ,8.25,No
135056,India,28,Andhra Pradesh,502,Anantapur,2013,891,1096,Reddipalli,14.216667,78, , ,52,238,1800,3.11, ,299,19,36.53,37,270, , , ,7.02,222, ,280,245.1, ,7.84,No
135057,India,28,Andhra Pradesh,502,Anantapur,2013,892,1097,Rolla,13.85,77.1, , ,30,92,938,0.8, ,311,3,40.15,19,108, , ,0.6,3.03,36, ,240,254.9, ,8,No
135060,India,28,Andhra Pradesh,502,Anantapur,2013,895,1100,Tanakal1,13.920833,78.1875, , ,140,397,2295,1.48, ,232,15,85.51,152,210, , , ,3.45,274, ,701,190.2, ,7.65,No
135064,India,28,Andhra Pradesh,502,Anantapur,2013,899,1104,Vajrakarur,15.008333,77.416667, , ,136,117,1776,0.74, ,366,1,56.09,110,165, , , ,3.01,354, ,570,300, ,7.75,No
135065,India,28,Andhra Pradesh,502,Anantapur,2013,900,1105,Waddipalli,14.671667,77.458333, , ,40,277,2057,1.41, ,592,33,55.97,80,325, , ,6.2,7.78,120, ,330,485.3, ,7.94,No
135067,India,28,Andhra Pradesh,502,Anantapur,2014,902,1107,Adivi Brahmanapalli,14.353333,78.0375, , ,40,121,1640,2.02, ,512,3,77.85,233,182, , ,-0.02,3.86,41, ,420,419.67, ,7,No
135068,India,28,Andhra Pradesh,502,Anantapur,2014,903,1108,Alampur,14.191667,78.163889, , ,48,199,1490,3.17, ,476,5,49.9,12,190, , ,2.6,4.58,63, ,325,390.16, ,7.62,No
135069,India,28,Andhra Pradesh,502,Anantapur,2014,904,1109,Amidala,14.841667,77.25, , ,168,418,2250,0.49, ,244,3,65.85,10,198, , ,-19.6,3.28,312, ,690,200, ,7.81,No
135071,India,28,Andhra Pradesh,502,Anantapur,2014,906,1111,Batrepally 2013DW,14.250833,78.180278, , ,116,333,2200,0.71, ,488,11,85.24,160,205, , ,-9.6,3.52,97, ,640,400, ,7.26,No
135073,India,28,Andhra Pradesh,502,Anantapur,2014,908,1113,Bontula Dinne1,14.841667,78.093333, , ,196,454,2570,0.42, ,220,28,70.75,294,216, , ,-23.98,3.36,217, ,780,180.33, ,7.34,No
135074,India,28,Andhra Pradesh,502,Anantapur,2014,909,1114,Budipalli,13.966667,77.166667, , ,94,195,1690,1.18, ,659,150,43.88,34,110, , ,5,2.35,3, ,415,540.16, ,7.83,No
135077,India,28,Andhra Pradesh,502,Anantapur,2014,912,1117,D.cheruvu,14.079167,78.355556, , ,74,78,1000,1.5, ,439,9,38.99,36,66, , ,0.6,1.55,1, ,345,359.84, ,8.04,No
135078,India,28,Andhra Pradesh,502,Anantapur,2014,913,1118,Dharmavaram,14.411667,77.72, , ,74,227,1680,0.96, ,494,5,45.07,81,213, , ,1.4,4.82,48, ,370,404.92, ,7.74,No
135081,India,28,Andhra Pradesh,502,Anantapur,2014,916,1121,Govinavaripalli,13.975,77.877778, , ,34,16,560,1.62, ,296,2,13.41,13,63, , ,4.1,2.32,4, ,140,242.62, ,8.08,No
135085,India,28,Andhra Pradesh,502,Anantapur,2014,920,1125,Guntakal2,15.168056,77.376389, , ,116,425,3300,0.27, ,464,450,75.51,478,219, , ,-8.78,3.89,272, ,600,380.33, ,7.67,No
135086,India,28,Andhra Pradesh,502,Anantapur,2014,921,1126,Ingaluru,14.047222,78.038889, ,  ,72,291,2340,0.44, ,610,260,56.01,134,197, , ,3.6,4.23,146, ,410,500, ,7.88,No
135089,India,28,Andhra Pradesh,502,Anantapur,2014,923,1129,Kalyandurg-alt,14.546667,77.11, , ,30,103,1390,4.03, ,647,1,32.86,19,222, , ,12.8,6.66,4, ,210,530.33, ,8.02,No
135092,India,28,Andhra Pradesh,502,Anantapur,2014,924,1132,Kanchisamudram-DW13,13.8,77.608333, , ,156,333,2230,1, ,305,13,51.25,268,229, , ,-14,4.07,171, ,600,250, ,7.24,No
135095,India,28,Andhra Pradesh,502,Anantapur,2014,926,1135,Korrapadu,14.753333,77.713333, ,126,36,85,1050,0.89, ,122,79,34.08,11,89, , ,3.2,2.55,82, ,230,310, ,8.44,No
135096,India,28,Andhra Pradesh,502,Anantapur,2014,927,1136,Kothapalem,13.883333,77.133333, , ,104,195,1400,0.98, ,336,48,35.38,121,107, , ,-5.18,2.31,50, ,405,275.41, ,7.46,No
135102,India,28,Andhra Pradesh,502,Anantapur,2014,932,1142,Madakasira1,13.958333,77.241667, , ,94,220,1600,0.44, ,403,40,26.86,149,186, , ,-0.58,4.36,38, ,345,330.33, ,8.02,No
135103,India,28,Andhra Pradesh,502,Anantapur,2014,933,1143,Malakavemula-rs,14.27,78.0575, , ,84,131,1270,1.15, ,519,2,63.32,25,75, , ,-1.78,1.5,4, ,470,425.41, ,7.74,No
135104,India,28,Andhra Pradesh,502,Anantapur,2014,934,1144,Mamillakunta,14.166667,77.758333, , ,120,284,2110,0.61, ,268,8,60.93,356,227, , ,-13.22,4.21,142, ,550,219.67, ,7.24,No
135108,India,28,Andhra Pradesh,502,Anantapur,2014,938,1148,Nallacheruvu 2013DW,13.987222,78.187778, , ,29,41,720,1.91, ,247,2,26.17,58,82, , ,0.9,2.66,51, ,180,202.46, ,7.92,No
135111,India,28,Andhra Pradesh,502,Anantapur,2014,941,1151,Narpala(sultanpet).1,14.705833,77.822222, , ,72,269,1910,1.7, ,494,25,86.4,102,178, , ,-5.2,3.35,84, ,535,404.92, ,7.45,No
135112,India,28,Andhra Pradesh,502,Anantapur,2014,942,1152,Nilakanthapuram,13.916667,77.2, , ,24,277,1300,1.68, ,201,5,38.93,6,195, , ,-2.22,5.72,86, ,220,164.75, ,7.94,No
135116,India,28,Andhra Pradesh,502,Anantapur,2014,945,1156,Palasamudram,13.972778,77.731389, , ,88,291,2110,0.38, ,488,200,34.15,155,202, , ,1.6,4.63,115, ,360,400, ,7.98,No
135119,India,28,Andhra Pradesh,502,Anantapur,2014,948,1159,Pedapalli 2013DW,14.063889,77.774444, , ,136,475,4130,0.05, ,769,650,68.24,590,283, , ,0.4,4.94,277, ,620,630.33, ,8.02,No
135120,India,28,Andhra Pradesh,502,Anantapur,2014,949,1160,Penukonda,14.072222,77.581667, ,120,16,340,2330,0.91, ,98,11,72.96,169,373, , ,-2.38,8.8,256, ,340,280.33, ,8.57,No
135122,India,28,Andhra Pradesh,502,Anantapur,2014,950,1162,Poolakunta 2013DW,14.626667,77.699167, ,  ,54,106,1040,1.9, ,354,4,28.03,18,122, , ,1.6,3.36,62, ,250,290.16, ,7.92,No
135124,India,28,Andhra Pradesh,502,Anantapur,2014,952,1164,Rayadurg-new,14.7,76.85, , ,80,152,1160,0.33, ,262,8,19.55,134,133, , ,-2.62,3.46,40, ,280,214.75,  ,8.09,No
135126,India,28,Andhra Pradesh,502,Anantapur,2014,954,1166,Reddipalli,14.216667,78, ,  ,32,539,5370,0.42, ,927,600,31.65,393,786, ,  ,21.98,23.59,811, ,210,759.84, ,8.19,No
135127,India,28,Andhra Pradesh,502,Anantapur,2014,955,1167,Rolla,13.85,77.1, , ,48,113,1030,0.72, ,397,4,45.04,31,94, , ,0.82,2.34,5, ,305,325.41,  ,7.59,No
135134,India,28,Andhra Pradesh,502,Anantapur,2014,962,1174,Vajrakarur,15.008333,77.416667, , ,124,113,1770,0.76, ,244,4,59.72,104,149, , ,-14.2,2.75,422, ,555,200, ,7.47,No
135135,India,28,Andhra Pradesh,502,Anantapur,2014,963,1175,Waddipalli,14.671667,77.458333, , ,144,801,4500,0.89, ,610,67,194.68,445,462, , ,-26.4,5.9,250, ,1160,500, ,7.7,No
135137,India,28,Andhra Pradesh,502,Anantapur,2015,965,1177,Adivi Brahmanapalli,14.353333,78.0375, ,0,132,312,2620,2,0.04,683,4,114.43,296,231, , ,-9.62,3.55,68, ,800,559.84, ,7.46,No
135138,India,28,Andhra Pradesh,502,Anantapur,2015,966,1178,Alampur,14.191667,78.163889, ,0,72,145,1470,5.12,0.05,628,3,31.69,2,193, , ,8.18,4.77,13, ,310,514.75, ,7.68,No
135139,India,28,Andhra Pradesh,502,Anantapur,2015,967,1179,Amidala,14.841667,77.25, ,0,268,369,3060,0.19,0.04,634,220,17.35,353,233, , ,-8.82,3.73,197, ,740,519.67, ,7.31,No
135144,India,28,Andhra Pradesh,502,Anantapur,2015,972,1184,Budipalli,13.966667,77.166667, ,0,82,181,1510,1.85,0.34,586,120,39,19,109, , ,4.6,2.48,5, ,365,480.33, ,7.18,No
135148,India,28,Andhra Pradesh,502,Anantapur,2015,976,1188,Dharmavaram,14.411667,77.72, ,0,192,333,2320,0.85,0.05,525,6,44,194,225, , ,-9.2,3.81,99, ,660,430.33, ,7.27,No
135149,India,28,Andhra Pradesh,502,Anantapur,2015,977,1189,Gooty-alt,15.116667,77.643056, ,0,104,234,1850,0.05,0.04,708,130,51.18,17,132, , ,4.4,2.65,1, ,470,580.33, ,7.41,No
135155,India,28,Andhra Pradesh,502,Anantapur,2015,983,1195,Guntakal2,15.168056,77.376389, ,0,120,319,2730,0.36,0.06,610,260,82.81,226,180, , ,-5.6,3.1,222, ,640,500, ,7.55,No
135156,India,28,Andhra Pradesh,502,Anantapur,2015,984,1196,Ingaluru,14.047222,78.038889, ,0,92,291,2470,0.44,0.04,805,280,56.03,46,191, , ,7.98,3.87,123, ,460,659.84, ,7.49,No
135159,India,28,Andhra Pradesh,502,Anantapur,2015,986,1199,Kalyandurg-alt,14.546667,77.11, ,0,32,131,1610,4.54,0.09,720,8,29.21,7,272,   , ,15.6,8.37,23, ,200,590.16,  ,7.68,No
135162,India,28,Andhra Pradesh,502,Anantapur,2015,987,1202,Kanchisamudram-DW13,13.8,77.608333, ,0,112,411,3780,0.05,0.04,830,600,65.78,449,263, , ,5.2,4.88,256, ,550,680.33, ,7.49,No
135165,India,28,Andhra Pradesh,502,Anantapur,2015,989,1205,Korrapadu,14.753333,77.713333, ,0,86,128,1560,0.9, ,702,97,42.65,25,122, ,  ,7.42,2.69,5, ,390,575.41,  ,7.63,No
135166,India,28,Andhra Pradesh,502,Anantapur,2015,990,1206,Kothapalem,13.883333,77.133333, ,0,88,124,1140,0.82,0.04,336,59,29.28,101,71, , ,-2.58,1.68,37, ,340,275.41, ,7.33,No
135169,India,28,Andhra Pradesh,502,Anantapur,2015,992,1209,Kundurpi-DW14,14.3,77.05, ,0,132,390,3180,1.06, ,854,400,56.08,236,238, , ,5.6,4.37,143, ,560,700, ,7.83,No
135172,India,28,Andhra Pradesh,502,Anantapur,2015,995,1212,Madakasira1,13.958333,77.241667, ,0,100,259,1820,0.57,0.09,500,44,29.3,101,222, , ,1.58,5.02,51, ,370,409.84,  ,7.25,No
135173,India,28,Andhra Pradesh,502,Anantapur,2015,996,1213,Malakavemula-rs,14.27,78.0575, ,0,108,269,2080,1.71,0.04,439,1,119.27,251,128, , ,-16.02,2.02,94, ,760,359.84, ,7.53,No
135176,India,28,Andhra Pradesh,502,Anantapur,2015,999,1216,Muthyalacherevu Poolabhavi-DW14,14.1,78.1, ,0,16,14,180,0.2, ,79,5,5.61,7,10, ,  ,0.06,0.55,9, ,63,64.75, ,6.87,No
135181,India,28,Andhra Pradesh,502,Anantapur,2015,1004,1221,Narpala(sultanpet).1,14.705833,77.822222, ,0,98,188,1540,2.23,0.09,610,20,68.2,6,101, , ,-1,1.92,0, ,525,500, ,7.55,No
135182,India,28,Andhra Pradesh,502,Anantapur,2015,1005,1222,Nilakanthapuram,13.916667,77.2, ,0,200,503,2920,0.58,0.01,622,10,22.12,98,393, , ,-3.22,7.04,155, ,590,509.84, ,7.3,No
135185,India,28,Andhra Pradesh,502,Anantapur,2015,1007,1225,Palaram 2013DW,13.956667,77.108333, ,0,64,82,1080,1.57,0.13,488,5,23.18,27,128, , ,5.8,3.49,3, ,255,400, ,7.33,No
135186,India,28,Andhra Pradesh,502,Anantapur,2015,1008,1226,Palasamudram,13.972778,77.731389, ,0,56,156,1320,0.4,0.01,476,100,21.95,22,139, , ,6.4,3.99,31, ,230,390.16, ,7.53,No
135189,India,28,Andhra Pradesh,502,Anantapur,2015,1011,1229,Pedapalli 2013DW,14.063889,77.774444, ,0,160,365,1830,0.9,0.42,329,10,54.9,9,127, , ,-14.22,2.21,118, ,625,269.67, ,7.03,No
135190,India,28,Andhra Pradesh,502,Anantapur,2015,1012,1230,Penukonda,14.072222,77.581667, ,0,136,411,2930,1.2,0.01,854,9,65.81,140,386, , ,3.6,6.8,69, ,610,700, ,7.3,No
135194,India,28,Andhra Pradesh,502,Anantapur,2015,1015,1234,Rayadurg-new,14.7,76.85, ,0,88,174,1300,0.33,0.03,262,10,24.42,169,145, , ,-4.22,3.53,52, ,320,214.75, ,7.1,No
135202,India,28,Andhra Pradesh,502,Anantapur,2015,1023,1242,Tangdikunta-DW13,14.008333,78.025, ,0,252,383,2580,0.37,0.03,561,86,46.5,142,165, , ,-14.42,2.51,167, ,820,459.84, ,7.73,No
135203,India,28,Andhra Pradesh,502,Anantapur,2015,1024,1243,Uravakonda-DW14,14.966667,77.254167, ,0,160,659,4160,0.26,0.14,756,450,5.06,200,497, , ,7.98,10.55,351, ,420,619.67, ,7.65,No
135204,India,28,Andhra Pradesh,502,Anantapur,2015,1025,1244,Vajrakarur,15.008333,77.416667, ,0,200,135,2130,0.86, ,342,2,78.05,75,111, , ,-21.6,1.69,511, ,820,280.33, ,7.44,No
135205,India,28,Andhra Pradesh,502,Anantapur,2015,1026,1245,Waddipalli,14.671667,77.458333, ,0,132,390,2820,1.33,0.02,683,34,97.41,228,292, , ,-6.82,4.7,111, ,730,559.84, ,7.67,No
135277,India,28,Andhra Pradesh,502,Anantapur,2017,1091,1317,Adivi Brahmanapalli,14.353333,78.0375, , ,108,319,2626,1.72, ,561,4,150.87,366,230, , ,-17.2,3.35,170, ,890,459.84, ,7.7,No
135278,India,28,Andhra Pradesh,502,Anantapur,2017,1092,1318,Alampur,14.191667,78.163889, , ,216,553,3069,2.54, ,702,12,112.1,3,260, , ,-16.98,3.58,200, ,1000,575.41, ,7.42,No
135279,India,28,Andhra Pradesh,502,Anantapur,2017,1093,1319,Amidala,14.841667,77.25, , ,248,248,2552,0.28, ,616,200,31.91,306,100, , ,-9.8,1.59,109, ,750,504.92, ,7.39,No
135288,India,28,Andhra Pradesh,502,Anantapur,2017,1102,1328,Dharmavaram,14.411667,77.72, , ,132,277,2101,0.85, ,653,9.8,43.92,83,240, , ,1,4.62,41, ,510,535.25, ,7.38,No
135289,India,28,Andhra Pradesh,502,Anantapur,2017,1103,1329,Gooty-alt,15.116667,77.643056, , ,148,383,2646,0.32, ,946,140,58.53,45,271, , ,6.62,4.77,20, ,610,775.41, ,7.35,No
135295,India,28,Andhra Pradesh,502,Anantapur,2017,1109,1335,Guntakal2,15.168056,77.376389, , ,140,319,2659,0.42, ,580,240,63.38,285,235, , ,-5.38,4.14,256, ,610,475.41, ,7.78,No
135296,India,28,Andhra Pradesh,502,Anantapur,2017,1110,1336,Ingaluru,14.047222,78.038889, , ,68,326,2203,0.8, ,775,240,48.71,33,220, , ,10.6,4.98,29, ,370,635.25, ,7.4,No
135299,India,28,Andhra Pradesh,502,Anantapur,2017,1112,1339,Kalyandurg-alt,14.546667,77.11, , ,48,174,1923,3.2, ,915,14,32.88,10,350, , ,19.8,9.53,10, ,255,750, ,7.56,No
135302,India,28,Andhra Pradesh,502,Anantapur,2017,1113,1342,Kanchisamudram-DW13,13.8,77.608333, , ,128,780,5387,0.28, ,744,860,90.11,689,391, , ,-3.22,6.48,346, ,690,609.84, ,7.52,No
135306,India,28,Andhra Pradesh,502,Anantapur,2017,1116,1346,Kothapalem,13.883333,77.133333, , ,86,170,1221,1.23, ,323,23,25.63,22,110, , ,-2.22,2.67,55, ,320,264.75, ,7.58,No
135309,India,28,Andhra Pradesh,502,Anantapur,2017,1118,1349,Kundurpi-DW14,14.3,77.05, , ,312,581,4494,0.6, ,616,298,78.18,698,336, , ,-23.8,4.41,294, ,1100,504.92, ,7.35,No
135312,India,28,Andhra Pradesh,502,Anantapur,2017,1121,1352,Madakasira1,13.958333,77.241667, , ,104,284,1896,0.55, ,464,60,34.16,113,220, , ,-0.78,4.79,74, ,400,380.33, ,7.5,No
135313,India,28,Andhra Pradesh,502,Anantapur,2017,1122,1353,Malakavemula-rs,14.27,78.0575, , ,106,255,1988,1.78, ,622,16,80.36,11,170, , ,-3.42,3.03,96, ,595,509.84, ,7.42,No
135316,India,28,Andhra Pradesh,502,Anantapur,2017,1125,1356,Muthyalacherevu Poolabhavi-DW14,14.1,78.1, , ,44,25,491,0.48, ,262,9,10.99,11,44, , ,2.38,1.54,0, ,155,214.75, ,7.25,No
135318,India,28,Andhra Pradesh,502,Anantapur,2017,1127,1358,Nallacheruvu 2013DW,13.987222,78.187778, , ,140,277,2056,1.05, ,775,10,73.11,11,200, , ,-0.6,3.41,56, ,650,635.25, ,7.46,No
135322,India,28,Andhra Pradesh,502,Anantapur,2017,1131,1362,Nilakanthapuram,13.916667,77.2, , ,38,362,1767,1.15, ,348,3.9,25.58,4,294, , ,3.4,9.04,41, ,200,285.25, ,7.46,No
135326,India,28,Andhra Pradesh,502,Anantapur,2017,1134,1366,Palasamudram,13.972778,77.731389, , ,50,209,1558,0.37, ,445,120,28.02,40,170, , ,4.98,4.77,62, ,240,364.75, ,7.67,No
135334,India,28,Andhra Pradesh,502,Anantapur,2017,1141,1374,Rayadurg-new,14.7,76.85, , ,124,195,1451,0.36, ,360,11,14.74,123,150, , ,-3,3.39,29, ,370,295.08, ,7.26,No
135342,India,28,Andhra Pradesh,502,Anantapur,2017,1149,1382,Tangdikunta-DW13,14.008333,78.025, , ,184,298,2448,0.68, ,525,160,53.71,347,152, , ,-10,2.54,73, ,680,430.33, ,7.67,No
135343,India,28,Andhra Pradesh,502,Anantapur,2017,1150,1383,Uravakonda-DW14,14.966667,77.254167, , ,120,525,3736,0.4, ,781,240,58.5,114,474, , ,4,8.87,382, ,540,640.16, ,7.7,No
135344,India,28,Andhra Pradesh,502,Anantapur,2017,1151,1384,Vajrakarur,15.008333,77.416667, , ,160,103,1838,0.77, ,256,2,24.51,79,180, , ,-11.6,3.5,451, ,500,209.84, ,7.76,No
135345,India,28,Andhra Pradesh,502,Anantapur,2017,1152,1385,Waddipalli,14.671667,77.458333, , ,96,291,2361,1.43, ,915,39,90.08,42,276, , ,5.6,4.86,58, ,610,750, ,7.78,No
135347,India,28,Andhra Pradesh,502,Anantapur,2018,1154,1387,Adivi Brahmanapalli,14.353333,78.0375, ,0,108,135,2000,2.1,0,573,8.2,104.68,341,145, ,0,-9.22,2.38,77,0,700,469.67,0,7.99,No
135348,India,28,Andhra Pradesh,502,Anantapur,2018,1155,1388,Alampur,14.191667,78.163889, ,0,96,397,2254,2.54,0,525,7.8,68.19,2,281, ,0,-3.58,5.36,130,0,520,430.33,0,7.69,No
135349,India,28,Andhra Pradesh,502,Anantapur,2018,1156,1389,Amidala,14.841667,77.25, ,0,34,82,691,0.5,0,183,3.9,30.43,1,55, ,0,-2.4,1.65,63,0,210,150,0,8.2,No
135350,India,28,Andhra Pradesh,502,Anantapur,2018,1157,1390,Anantapur-alt-1,14.675,77.608333, ,0,74,128,1127,1.38,0,372,2,32.91,22,110, ,0,-0.6,2.67,49,0,320,304.92,0,6.98,No
135354,India,28,Andhra Pradesh,502,Anantapur,2018,1161,1394,Budipalli,13.966667,77.166667, ,0,90,156,1426,1.44,0,555,110,26.85,35,120, ,0,4.8,2.85,25,0,335,454.92,0,7.7,No
135358,India,28,Andhra Pradesh,502,Anantapur,2018,1165,1398,Dharmavaram,14.411667,77.72, ,0,124,298,2066,0.79,0,433,5.9,51.21,172,240, ,0,-6.6,4.58,120,0,520,354.92,0,7.72,No
135359,India,28,Andhra Pradesh,502,Anantapur,2018,1166,1399,Gooty-alt,15.116667,77.643056, ,0,144,411,2760,0.61,0,952,100,92.57,32,260, ,0,1.6,4.16,40,0,740,780.33,0,8.2,No
135365,India,28,Andhra Pradesh,502,Anantapur,2018,1172,1405,Guntakal2,15.168056,77.376389, ,0,196,369,3000,0.49,0,598,180,82.9,386,200, ,0,-13.6,3.02,150,0,830,490.16,0,7.73,No
135366,India,28,Andhra Pradesh,502,Anantapur,2018,1173,1406,Ingaluru,14.047222,78.038889, ,0,140,404,2855,1.26,0,921,235,90.13,17,220, ,0,1.4,3.57,140,0,720,754.92,0,7.99,No
135369,India,28,Andhra Pradesh,502,Anantapur,2018,1175,1409,Kalyandurg-alt,14.546667,77.11, ,0,42,117,1532,4.04,0,738,0,48.68,39,251, ,0,12,6.25,30,0,305,604.92,0,8.16,No
135372,India,28,Andhra Pradesh,502,Anantapur,2018,1176,1412,Kanchisamudram-DW13,13.8,77.608333, ,0,136,525,4680,0.8,0,817,598,107.14,658,334, ,0,-4.42,5.2,302,0,780,669.67,0,7.92,No
135375,India,28,Andhra Pradesh,502,Anantapur,2018,1178,1415,Korrapadu,14.753333,77.713333, ,0,54,46,700,1.44,0,311,1,41.4,4,21, ,0,-2,0.52,22,0,305,254.92,0,8.2,No
135376,India,28,Andhra Pradesh,502,Anantapur,2018,1179,1416,Kothapalem,13.883333,77.133333, ,0,68,135,987,1.66,0,299,3.9,25.61,9,105, ,0,-1.2,2.75,50,0,275,245.08,0,7.95,No
135379,India,28,Andhra Pradesh,502,Anantapur,2018,1181,1419,Kundurpi-DW14,14.3,77.05, ,0,176,468,3200,0.88,0,488,240,58.57,457,240, ,0,-11.2,4,73,0,680,400,0,6.7,No
135382,India,28,Andhra Pradesh,502,Anantapur,2018,1184,1422,Madakasira1,13.958333,77.241667, ,0,108,280,1837,0.65,0,494,50,47.54,63,190, ,0,-2.4,3.83,80,0,465,404.92,0,7.9,No
135383,India,28,Andhra Pradesh,502,Anantapur,2018,1185,1423,Malakavemula-rs,14.27,78.0575, ,0,144,355,2139,1.36,0,604,5.1,104.72,63,160, ,0,-11.8,2.48,92,0,790,495.08,0,7.96,No
135385,India,28,Andhra Pradesh,502,Anantapur,2018,1187,1425,Mudigubba,14.351389,78, ,0,228,773,4760,0.42,0,469,5.9,299.33,909,250, ,0,-56.62,2.56,178,0,1800,384.43,0,7,No
135386,India,28,Andhra Pradesh,502,Anantapur,2018,1188,1426,Muthyalacherevu Poolabhavi-DW14,14.1,78.1, ,0,12,11,143,0.32,0,61,2,4.88,2,11, ,0,0,0.68,5,0,50,50,0,7.6,No
135388,India,28,Andhra Pradesh,502,Anantapur,2018,1190,1428,Nallacheruvu 2013DW,13.987222,78.187778, ,0,232,369,2360,0.83,0,531,5.1,63.5,259,170, ,0,-16.2,2.55,49,0,840,435.25,0,7.62,No
135391,India,28,Andhra Pradesh,502,Anantapur,2018,1193,1431,Narpala(sultanpet).1,14.705833,77.822222, ,0,172,447,2869,1.36,0,702,80,114.48,154,240, ,0,-12.98,3.48,180,0,900,575.41,0,7.75,No
135392,India,28,Andhra Pradesh,502,Anantapur,2018,1194,1432,Nilakanthapuram,13.916667,77.2, ,0,88,230,1390,1.8,0,366,2,52.38,1,115, ,0,-5.4,2.4,54,0,435,300,0,7.75,No
135395,India,28,Andhra Pradesh,502,Anantapur,2018,1196,1435,Palaram 2013DW,13.956667,77.108333, ,0,86,113,1340,1.8,0,653,12,24.42,4,180, ,0,8.8,4.41,19,0,315,535.25,0,7.96,No
135396,India,28,Andhra Pradesh,502,Anantapur,2018,1197,1436,Palasamudram,13.972778,77.731389, ,0,60,156,1273,1.14,0,512,25,52.35,21,145, ,0,2.18,3.3,45,0,365,419.67,0,8.15,No
135399,India,28,Andhra Pradesh,502,Anantapur,2018,1200,1439,Pedapalli 2013DW,14.063889,77.774444, ,0,208,709,2830,1.16,0,293,14,97.51,12,200, ,0,-27.2,2.87,113,0,920,240.16,0,7.45,No
135400,India,28,Andhra Pradesh,502,Anantapur,2018,1201,1440,Penukonda,14.072222,77.581667, ,0,48,376,2484,1.42,0,598,40,107.04,171,299, ,0,-2.8,5.5,91,0,560,490.16,0,7.84,No
135402,India,28,Andhra Pradesh,502,Anantapur,2018,1202,1442,Poolakunta 2013DW,14.626667,77.699167, ,0,289,454,3180,1.47,0,458,6,143.19,546,140, ,0,-37.38,1.68,153,0,1310,375.41,0,7.47,No
135404,India,28,Andhra Pradesh,502,Anantapur,2018,1204,1444,Rayadurg-new,14.7,76.85,  ,0,110,269,1590,0.83,0,311,3,56.05,81,120, ,0,-10,2.32,65,0,505,254.92,0,8,No
135407,India,28,Andhra Pradesh,502,Anantapur,2018,1207,1447,Rolla,13.85,77.1, ,0,84,220,1488,0.67,0,403,2,73.04,42,110, ,0,-7.18,2.12,62,0,510,330.33,0,7.57,No
135408,India,28,Andhra Pradesh,502,Anantapur,2018,1208,1448,Talapula-PZ,14.243056,78.2625, ,0,88,92,992,1.08,0,336,1,51.16,95,40, ,0,-6.18,0.84,28,0,430,275.41,0,7.67,No
135412,India,28,Andhra Pradesh,502,Anantapur,2018,1212,1452,Tangdikunta-DW13,14.008333,78.025, ,0,192,255,2140,0.92,0,451,120,44,268,100, ,0,-11.62,1.69,70,0,660,369.67,0,7.9,No
135413,India,28,Andhra Pradesh,502,Anantapur,2018,1213,1453,Uravakonda-DW14,14.966667,77.254167, ,0,36,67,604,0.46,0,165,5.1,17.06,5,55, ,0,-1,1.89,44,0,160,135.25,0,8.25,No
135414,India,28,Andhra Pradesh,502,Anantapur,2018,1214,1454,Vajrakarur,15.008333,77.416667, ,0,126,284,1900,0.75,0,250,2,88.9,213,140, ,0,-19,2.34,190,0,680,204.92,0,7.9,No
135415,India,28,Andhra Pradesh,502,Anantapur,2018,1215,1455,Waddipalli,14.671667,77.458333, ,0,108,425,2787,1.34,0,586,30,97.38,174,322, , ,-7.6,5.41,173,0,670,480.33,0,7.79,No
135418,India,28,Andhra Pradesh,503,Chittoor,2011,1218,1458,Arogyavaram,13.533333,78.5, , ,60,83,840,1.4, ,372,1.3,25.6,2,81, , ,2,2.21,0, ,255,304.9, ,7.83,No
135426,India,28,Andhra Pradesh,503,Chittoor,2011,1222,1466,Bhakrapet1,13.666667,79.166667, , ,80,199,1180,0.42, ,336,1.2,51.15,55,87, , , ,1.87,0, ,410,275.4, ,7.46,No
135427,India,28,Andhra Pradesh,503,Chittoor,2011,1223,1467,B.N.kandriga,13.697778,79.852778, , ,92,209,1090,0.39, ,250,7.1,40.23,28,58, , , ,1.27,4, ,395,204.9, ,7.53,No
135429,India,28,Andhra Pradesh,503,Chittoor,2011,1225,1469,Chinna panduru,13.583333,79.966667, , ,6,18,97,0.05, ,21,0.38,6.09,7,4, , , ,0.28,0, ,40,17.2, ,7.82,No
135433,India,28,Andhra Pradesh,503,Chittoor,2011,1229,1473,Chintaparti-1,13.504167,78.715278, , ,100,479,2270,1.3, ,329,9.4,60.9,40,288, , , ,5.6,152, ,500,269.7, ,7.65,No
135434,India,28,Andhra Pradesh,503,Chittoor,2011,1230,1474,Chittoor,13.206667,79.101667, , ,84,330,1630,0.68, ,372,4.6,43.87,19,193, , , ,4.25,27, ,390,304.9, ,7.39,No
135436,India,28,Andhra Pradesh,503,Chittoor,2011,1232,1476,C.kandriga,13.408333,79.691667, , ,88,128,1020,0.36, ,366,0.37,23.2,60,100, , , ,2.45,0, ,315,300, ,7.2,No
135437,India,28,Andhra Pradesh,503,Chittoor,2011,1233,1477,Damalcheruvu,13.475,79.047222, , ,52,376,2270,1.1, ,610,6.2,53.55,19,348, , ,6,8.09,64, ,350,500, ,7.96,No
135438,India,28,Andhra Pradesh,503,Chittoor,2011,1234,1478,Duginevaripalli,13.133333,78.658333, , ,116,177,1240,0.64, ,439,2.4,23.24,30,115, , , ,2.55,0, ,385,359.8, ,7.69,No
135440,India,28,Andhra Pradesh,503,Chittoor,2011,1236,1480,Erpedu1,13.716667,79.616667, , ,100,234,1550,0.25, ,342,4.9,65.77,160,112, , , ,2.14,24, ,520,280.3, ,7.25,No
135445,India,28,Andhra Pradesh,503,Chittoor,2011,1241,1485,Isukagunta,13.6775,79.661667, , ,68,259,1500,0.14, ,372,15,52.36,100,160, , , ,3.55,0, ,385,304.9, ,7.65,No
135446,India,28,Andhra Pradesh,503,Chittoor,2011,1242,1486,Kalakoda,13.815278,78.795833, , ,148,376,2920,0.73, ,793,214,9.91,300,360, , ,9.6,7.73,35, ,410,650, ,7.89,No
135447,India,28,Andhra Pradesh,503,Chittoor,2011,1243,1487,Kallur,13.569444,79.002778, , ,120,298,1770,0.3, ,336,68,34.18,200,154, , , ,3.19,0, ,440,275.4, ,7.66,No
135448,India,28,Andhra Pradesh,503,Chittoor,2011,1244,1488,Kandlamadugu,13.783333,78.4, , ,58,87,930,1.4, ,409,1.3,22.68,1,104, , ,3.88,2.93,0, ,238,335.3, ,8,No
135466,India,28,Andhra Pradesh,503,Chittoor,2011,1258,1506,Nimmapalli,13.516667,78.646667, , ,68,145,1150,0.89, ,348,2.4,24.4,90,135, , ,0.6,3.57,0, ,270,285.3, ,7.54,No
135470,India,28,Andhra Pradesh,503,Chittoor,2011,1261,1510,Panatoor,13.056667,79.138889, , ,80,142,1040,0.82,  ,336,1.3,36.57,70,84, , , ,1.95,0, ,350,275.4, ,7.31,No
135474,India,28,Andhra Pradesh,503,Chittoor,2011,1265,1514,Punganur,13.36,78.576667, , ,112,376,1620,0.32, ,281,7.5,42.68,22,158, , , ,3.22,30, ,455,230.3, ,7.45,No
135482,India,28,Andhra Pradesh,503,Chittoor,2011,1272,1522,Satyavedu,13.428333,79.953333, , ,5,12,80,0.05, ,18,0.4,1.83,7,9, , , ,0.88,0, ,20,14.8, ,7.67,No
135484,India,28,Andhra Pradesh,503,Chittoor,2011,1274,1524,Shankrantipalli,13.170833,78.9875, , ,88,397,2110,0.54, ,512,2.7,60.89,40,269, , , ,5.4,40, ,470,419.7, ,7.27,No
135490,India,28,Andhra Pradesh,503,Chittoor,2011,1279,1530,Srikalahasti,13.755556,79.701389, , ,82,129,970,0.35, ,238,5.5,18.33,85,92, , , ,2.39,36, ,280,195.1, ,7.48,No
135491,India,28,Andhra Pradesh,503,Chittoor,2011,1280,1531,Suritipalli,13.673333,79.328333, , ,80,128,1112,0.33, ,397,3,32.92,55,100, , , ,2.38,0, ,335,325.4, ,7.12,No
135497,India,28,Andhra Pradesh,503,Chittoor,2011,1286,1537,Tirupati(U),13.633333,79.359722, , ,112,184,1280,0.38, ,360,2.1,39.04,85,92, , , ,1.91,15, ,440,295.1, ,7.79,No
135499,India,28,Andhra Pradesh,503,Chittoor,2011,1288,1539,Venkatagirikota,13.016667,78.5, , ,51,16,635,0.96, ,366,3,11.61,5,71, , ,5,2.33,0, ,175,300, ,7.88,No
135586,India,28,Andhra Pradesh,503,Chittoor,2013,1362,1626,Arogyavaram,13.533333,78.5,  , ,56,181,1541,0.83, ,244,3,40.18,53,210, , , ,5.23,227, ,305,200, ,7.75,No
135588,India,28,Andhra Pradesh,503,Chittoor,2013,1363,1628,Baireddipalli,13.089167,78.610556, , ,50,117,905,0.53, ,153,3,28.02,83,80, , , ,2.25,50, ,240,125.4, ,7.9,No
135593,India,28,Andhra Pradesh,503,Chittoor,2013,1365,1633,Battuvaripalli,13.533333,78.905556, , ,28,103,820,1.01, ,256,2,31.64,1,94, , ,0.4,2.89,41, ,200,209.8, ,7.9,No
135595,India,28,Andhra Pradesh,503,Chittoor,2013,1367,1635,B.N.kandriga,13.697778,79.852778, , ,54,223,1171,0.53, ,195,6,45.04,36,113, , , ,2.75,56, ,320,159.8, ,7.75,No
135597,India,28,Andhra Pradesh,503,Chittoor,2013,1369,1637,Chinna panduru,13.583333,79.966667, , ,40,99,655,1.62, ,207,3,8.56,0,90, , ,1.38,3.37,14, ,135,169.7, ,8.24,No
135601,India,28,Andhra Pradesh,503,Chittoor,2013,1373,1641,Chintaparti-1,13.504167,78.715278, , ,108,574,2496,1.23, ,244,11,63.35,24,322, , , ,6.08,200, ,530,200, ,7.63,No
135604,India,28,Andhra Pradesh,503,Chittoor,2013,1376,1644,C.kandriga,13.408333,79.691667, , ,10,25,185,0.07, ,43,1,4.87,3,19, , , ,1.23,7, ,45,35.3, ,8.06,No
135605,India,28,Andhra Pradesh,503,Chittoor,2013,1377,1645,Damalcheruvu,13.475,79.047222, , ,20,252,1557,1.2,  ,397,1,60.81,11,225, , ,1.02,5.65,89, ,300,325.4, ,8.08,No
135606,India,28,Andhra Pradesh,503,Chittoor,2013,1378,1646,Duginevaripalli,13.133333,78.658333, , ,58,142,1050,0.9, ,232,2,37.76,48,101, , , ,2.54,75, ,300,190.2, ,7.76,No
135608,India,28,Andhra Pradesh,503,Chittoor,2013,1380,1648,Erpedu1,13.716667,79.616667, , ,62,82,810,0.15, ,317,33,26.82,10,52, , , ,1.39,29, ,265,259.8, ,8.16,No
135613,India,28,Andhra Pradesh,503,Chittoor,2013,1385,1653,Isukagunta,13.6775,79.661667, ,12,12,291,1799,0.17, ,488,6,19.47,12,360, , ,12.4,14.93,56, ,110,420, ,8.36,No
135621,India,28,Andhra Pradesh,503,Chittoor,2013,1392,1661,Karvetnagar1,13.423333,79.465, , ,34,92,1059,0.96, ,372,2,45.02,49,125, , ,1.4,3.31,56, ,270,304.9, ,8.2,No
135627,India,28,Andhra Pradesh,503,Chittoor,2013,1395,1667,Mungilipattu,13.566667,79.233333, , ,44,92,1114,0.7, ,342,1,24.37,94,150, , ,2.82,4.5,39, ,210,280.3, ,7.83,No
135631,India,28,Andhra Pradesh,503,Chittoor,2013,1399,1671,Nayakaneri,12.958333,78.616667, , ,78,152,925,0.75, ,153,3,24.41,48,78, , , ,1.98,76, ,295,125.4, ,7.96,No
135636,India,28,Andhra Pradesh,503,Chittoor,2013,1404,1676,Palamaneru-2,13.208333,78.743056, , ,52,553,2323,0.37, ,329,3,90.02,23,317, , , ,6.17,107, ,500,269.7, ,7.79,No
135638,India,28,Andhra Pradesh,503,Chittoor,2013,1405,1678,Panatoor,13.056667,79.138889, , ,108,482,2321,0.67, ,207,6,102.25,114,212, , , ,3.51,200, ,690,169.7, ,7.66,No
135650,India,28,Andhra Pradesh,503,Chittoor,2013,1416,1690,Satyavedu,13.428333,79.953333, , ,38,46,481,0.36, ,171,7,17.07,1,27, , , ,0.91,21, ,165,140.2, ,7.88,No
135652,India,28,Andhra Pradesh,503,Chittoor,2013,1418,1692,Shankrantipalli,13.170833,78.9875, , ,108,145,1245,0.65, ,494,7,54.84,12,70, , , ,1.37,26, ,495,404.9, ,8.18,No
135656,India,28,Andhra Pradesh,503,Chittoor,2013,1421,1696,Srikalahasthi 2013DW,13.7525,79.702778, , ,46,89,728,0.51, ,159,4,17.08,44,70, , , ,2.24,38, ,185,130.3, ,7.83,No
135659,India,28,Andhra Pradesh,503,Chittoor,2013,1424,1699,Suritipalli,13.673333,79.328333, , ,38,135,945,0.56, ,232,27,25.58,11,100, , , ,3.08,52, ,200,190.2, ,7.96,No
135660,India,28,Andhra Pradesh,503,Chittoor,2013,1425,1700,Tayyuru,13.640278,79.328333, , ,58,163,1066,0.28, ,244,3,45.05,8,90, , , ,2.16,84, ,330,200, ,7.66,No
135663,India,28,Andhra Pradesh,503,Chittoor,2013,1428,1703,Tirumala1,13.69,79.355, , ,18,32,289,0.11, ,98,2,12.18,4,21, , , ,0.94,9, ,95,80.3, ,8.14,No
135665,India,28,Andhra Pradesh,503,Chittoor,2013,1430,1705,Tirupati(U),13.633333,79.359722, , ,72,124,1051,0.3, ,305,3,47.5,53,70, , , ,1.57,53, ,375,250, ,8.21,No
135667,India,28,Andhra Pradesh,503,Chittoor,2013,1432,1707,Venkatagirikota,13.016667,78.5, , ,136,404,2215,0.42, ,207,8,90.12,210,182, , , ,2.97,183, ,710,169.7, ,7.62,No
135669,India,28,Andhra Pradesh,503,Chittoor,2014,1433,1709,Ammasi Reddy Kandriga-DW13,13.456389,79.963611, , ,20,46,422,0.25, ,146,43,9.75,2,36, , ,1.18,1.65,31, ,90,119.67, ,7.9,No
135670,India,28,Andhra Pradesh,503,Chittoor,2014,1434,1710,Arogyavaram,13.533333,78.5, , ,22,152,966,0.65, ,171,2,29.2,88,140, , ,-1.4,4.6,52, ,175,140.16, ,8.1,No
135672,India,28,Andhra Pradesh,503,Chittoor,2014,1435,1712,Baireddipalli,13.089167,78.610556, , ,40,32,592,0.67, ,250,3,31.66,45,55, , ,-1,1.58,66, ,230,204.92, ,7.7,No
135676,India,28,Andhra Pradesh,503,Chittoor,2014,1436,1716,Basani Khonda-DW14,13.553056,78.529167, , ,104,1021,4284,0.7, ,488,1,126.55,50,620, , ,-15.2,9.66,225, ,780,400, ,7.2,No
135677,India,28,Andhra Pradesh,503,Chittoor,2014,1437,1717,Battuvaripalli,13.533333,78.905556, , ,40,96,959,1, ,378,1,28.01,0,123, , ,3.8,3.65,30, ,215,309.84, ,7.7,No
135680,India,28,Andhra Pradesh,503,Chittoor,2014,1440,1720,Bugga Agraharam-DW14,13.331111,79.622222, , ,144,794,3263,0.31, ,299,4,82.84,50,400, , ,-18.2,6.58,154, ,700,245.08, ,7.1,No
135681,India,28,Andhra Pradesh,503,Chittoor,2014,1441,1721,Chinna panduru,13.583333,79.966667, , ,64,64,707,1.48, ,256,1,24.39,1,43, , ,-2,1.16,44, ,260,209.84, ,7.9,No
135682,India,28,Andhra Pradesh,503,Chittoor,2014,1442,1722,Chinna Tayyuru-DW14,13.302778,79.311389, , ,72,163,1243,0.45, ,336,4,36.56,35,130, , ,-2.18,3.11,78, ,330,275.41, ,7.2,No
135685,India,28,Andhra Pradesh,503,Chittoor,2014,1445,1725,Chintaparti-1,13.504167,78.715278, , ,208,893,3545,1.23, ,293,25,53.74,42,440, , ,-20,7.04,188, ,740,240.16, ,7.6,No
135687,India,28,Andhra Pradesh,503,Chittoor,2014,1447,1727,Chittoor-ALT,13.206667,79.101667, , ,48,248,1371,0.55, ,354,3,31.67,3,200, , ,1.6,5.5,37, ,250,290.16, ,7.6,No
135688,India,28,Andhra Pradesh,503,Chittoor,2014,1448,1728,C.kandriga,13.408333,79.691667, ,120,32,425,2592,0.31, ,317,9,63.25,3,429, , ,4.8,10.12,206, ,340,459.84, ,8.7,No
135689,India,28,Andhra Pradesh,503,Chittoor,2014,1449,1729,Damalcheruvu,13.475,79.047222, , ,48,191,1411,1.2, ,451,1,38.96,5,193, , ,3.58,5.02,54,   ,280,369.67, ,7.7,No
135690,India,28,Andhra Pradesh,503,Chittoor,2014,1450,1730,Duginevaripalli,13.133333,78.658333, , ,64,220,1313,0.55, ,281,1,31.68,19,165, , ,-2.38,4.21,89, ,290,230.33, ,7.6,No
135696,India,28,Andhra Pradesh,503,Chittoor,2014,1456,1736,Guntuvaripalli-DW13,13.651389,79.5425, , ,60,191,1139,0.15, ,305,4,41.41,1,105, , ,-2.8,2.55,29, ,320,250, ,7.5,No
135697,India,28,Andhra Pradesh,503,Chittoor,2014,1457,1737,Isukagunta,13.6775,79.661667, , ,56,397,2448,0.29, ,634,16,73.01,5,340, , ,3.18,7.05,109, ,440,519.67, ,7.6,No
135698,India,28,Andhra Pradesh,503,Chittoor,2014,1458,1738,Kalakoda,13.815278,78.795833, , ,76,220,1843,0.53, ,634,165,26.84,21,185, , ,8.78,4.65,62, ,300,519.67, ,8.1,No
135703,India,28,Andhra Pradesh,503,Chittoor,2014,1463,1743,Kanipakam-DW14,13.262222,79.060278, , ,96,269,1422,0.39, ,244,2,43.88,29,130, , ,-8.8,2.76,96, ,420,200, ,7.5,No
135705,India,28,Andhra Pradesh,503,Chittoor,2014,1464,1745,Karvetnagar1,13.423333,79.465, , ,44,60,874,0.92, ,451,3,38.95,10,94, , ,3.98,2.49,18, ,270,369.67, ,7.8,No
135708,India,28,Andhra Pradesh,503,Chittoor,2014,1465,1748,Marriguntalagani Palli,13.566944,79.015278, , ,148,362,1933,0.26, ,439,12,82.84,0,90, , ,-14,1.47,34, ,710,359.84, ,7.8,No
135711,India,28,Andhra Pradesh,503,Chittoor,2014,1467,1751,Mungilipattu,13.566667,79.233333, , ,64,220,1313,0.55, ,281,1,31.68,19,165, , ,-2.38,4.21,89, ,290,230.33, ,7.4,No
135714,India,28,Andhra Pradesh,503,Chittoor,2014,1470,1754,Nagalapuram-DW13,13.388333,79.793889, , ,36,106,1124,0.27, ,476,3,60.83,2,105, , ,2,2.48,24, ,340,390.16,  ,7.7,No
135717,India,28,Andhra Pradesh,503,Chittoor,2014,1473,1757,Nilavai-DW13,13.636944,79.900833, , ,80,305,1767,0.6, ,354,11,29.27,44,250, , ,-1.2,6.08,113, ,320,290.16, ,7.7,No
135720,India,28,Andhra Pradesh,503,Chittoor,2014,1476,1760,Palamaneru-2,13.208333,78.743056, , ,52,333,935,0.28, ,354,54,55.98,30,230, , ,-2.8,5.27,136, ,360,290.16, ,7.7,No
135726,India,28,Andhra Pradesh,503,Chittoor,2014,1481,1766,Punganur,13.36,78.576667, , ,140,355,1888,0.34, ,329,8,60.95,14,120, , ,-13.22,2.13,87, ,600,269.67, ,7.3,No
135729,India,28,Andhra Pradesh,503,Chittoor,2014,1484,1769,Puttur-ALT,13.206667,79.101667, , ,96,262,1976,0.54, ,671,1,48.74,34,247, , ,4.4,5.12,29, ,440,550, ,8,No
135734,India,28,Andhra Pradesh,503,Chittoor,2014,1488,1774,Satyavedu,13.428333,79.953333, , ,62,50,588,0.36, ,256,6,19.53,2,25, , ,-1,0.71,13, ,235,209.84, ,7.6,No
135736,India,28,Andhra Pradesh,503,Chittoor,2014,1490,1776,Shankrantipalli,13.170833,78.9875, ,24,12,50,478,0.68, ,128,4,12.17,1,70, , ,2.6,3.4,19, ,80,144.92, ,8.3,No
135738,India,28,Andhra Pradesh,503,Chittoor,2014,1491,1778,Siddirajukandriga-DW13,13.3775,79.765833, , ,160,425,2308,0.13, ,366,2,82.86,132,200, , ,-17.6,3.2,156, ,740,300, ,7.6,No
135745,India,28,Andhra Pradesh,503,Chittoor,2014,1498,1785,Thurukupalli-DW14,13.621111,78.7, , ,152,638,2490,0.47, ,244,6,82.85,60,240, , ,-20.8,3.89,87, ,720,200, ,7.3,No
135747,India,28,Andhra Pradesh,503,Chittoor,2014,1500,1787,Tirumala1,13.69,79.355, , ,20,46,271,0.1, ,79,2,13.4,3,14, , ,-1.62,0.59,7, ,105,64.75, ,7.7,No
135751,India,28,Andhra Pradesh,503,Chittoor,2014,1504,1791,Venkatagirikota,13.016667,78.5, , ,248,525,2850,0.39, ,464,12,117,180,140, , ,-28.78,1.84,144, ,1100,380.33, ,7.5,No
135753,India,28,Andhra Pradesh,503,Chittoor,2015,1505,1793,Ammasi Reddy Kandriga-DW13,13.456389,79.963611, ,0,29,64,530,0.35,0.06,134,5,14.02,4,59, , ,-0.8,2.25,59, ,130,109.84, ,6.8,No
135761,India,28,Andhra Pradesh,503,Chittoor,2015,1509,1801,Battuvaripalli,13.533333,78.905556, ,0,138,188,1530,0.57,0.26,580,17,28.13,29,129, , ,0.62,2.62,1, ,460,475.41, ,7.2,No
135765,India,28,Andhra Pradesh,503,Chittoor,2015,1513,1805,Chinna panduru,13.583333,79.966667, ,0,114,280,1370,0.74,0.19,177,23,24.45,59,124, , ,-9.6,2.75,92, ,385,145.08, ,7.05,No
135771,India,28,Andhra Pradesh,503,Chittoor,2015,1519,1811,Chittoor-ALT,13.206667,79.101667, ,0,120,358,1800,0.65,0.1,470,5,25.67,3,223, , ,-0.8,4.82,7, ,405,385.25, ,7.3,No
135776,India,28,Andhra Pradesh,503,Chittoor,2015,1524,1816,Erpedu1,13.716667,79.616667, ,0,58,94,760,0.18,0.07,275,18,28.03,12,44, , ,-1.38,1.19,12, ,260,225.41, ,7.47,No
135780,India,28,Andhra Pradesh,503,Chittoor,2015,1528,1820,Guntuvaripalli-DW13,13.651389,79.5425, ,0,96,149,1200,0.23,0.05,470,5,23.21,4,118, , ,2,2.8,1, ,335,385.25, ,7.14,No
135798,India,28,Andhra Pradesh,503,Chittoor,2015,1542,1838,Nagalapuram-DW13,13.388333,79.793889, ,0,78,145,1280,0.4,0.05,512,25,59.66,16,77, , ,-0.82,1.6,2, ,440,419.67, ,7.15,No
135801,India,28,Andhra Pradesh,503,Chittoor,2015,1545,1841,Nilavai-DW13,13.636944,79.900833, ,0,86,312,1800,0.63,0.05,342,140,32.93,58,169, , ,-2.78,3.93,126, ,350,280.33, ,7.23,No
135804,India,28,Andhra Pradesh,503,Chittoor,2015,1548,1844,Palamaneru-2,13.208333,78.743056, ,0,112,326,2070,0.75,0.34,415,7,63.35,56,223, , ,-8,4.17,180, ,540,340.16, ,7.39,No
135813,India,28,Andhra Pradesh,503,Chittoor,2015,1556,1853,Puttur-ALT,13.206667,79.101667, ,0,128,277,2210,0.82,0.09,817,10,63.37,13,234, , ,3.58,4.23,33, ,580,669.67, ,7.34,No
135818,India,28,Andhra Pradesh,503,Chittoor,2015,1560,1858,Satyavedu,13.428333,79.953333, ,0,74,113,790,0.27,0.09,217,4,14.68,3,66, , ,-2.68,1.83,52, ,245,177.87, ,7.2,No
135820,India,28,Andhra Pradesh,503,Chittoor,2015,1562,1860,Shankrantipalli,13.170833,78.9875, ,0,98,103,1130,0.83,0.17,482,9,48.75,20,49, , ,-2,1.01,9, ,445,395.08, ,7.32,No
135822,India,28,Andhra Pradesh,503,Chittoor,2015,1563,1862,Siddirajukandriga-DW13,13.3775,79.765833, ,0,90,152,1290,0.36,0.05,482,14,35.36,8,117, , ,1,2.65,27, ,370,395.08, ,7.29,No
135827,India,28,Andhra Pradesh,503,Chittoor,2015,1568,1867,Suritipalli,13.673333,79.328333, ,0,122,181,1170,0.68,0.08,378,2,20.81,10,88, , ,-3.2,1.94,12, ,390,309.84, ,7.32,No
135831,India,28,Andhra Pradesh,503,Chittoor,2015,1572,1871,Tirumala1,13.69,79.355, ,0,108,121,1110,0.3,3.95,451,24,12.29,16,94, ,  ,1.98,2.29,2, ,320,369.67, ,7.15,No
135835,India,28,Andhra Pradesh,503,Chittoor,2015,1576,1875,Venkatagirikota,13.016667,78.5, ,0,106,284,1530,0.52,0.52,116,5,47.54,79,137, , ,-14.6,2.78,196, ,460,95.08, ,7.37,No
135921,India,28,Andhra Pradesh,503,Chittoor,2017,1649,1961,Ammasi Reddy Kandriga-DW13,13.456389,79.963611, , ,10,14,125,0.16, ,43,1,3.66,2,11, , ,-0.2,0.76,6, ,40,35.25, ,7.75,No
135928,India,28,Andhra Pradesh,503,Chittoor,2017,1652,1968,Basani Khonda-DW14,13.553056,78.529167, , ,352,1985,6807,0.85, ,415,5,224.11,61,699, , ,-58.4,7.17,120, ,1800,340.16, ,7.18,No
135929,India,28,Andhra Pradesh,503,Chittoor,2017,1653,1969,Battuvaripalli,13.533333,78.905556, , ,104,131,1183,0.69, ,512,7,40.24,17,110, , ,-0.22,2.32,43, ,425,419.67, ,7.35,No
135932,India,28,Andhra Pradesh,503,Chittoor,2017,1656,1972,Bugga Agraharam-DW14,13.331111,79.622222, , ,168,780,3235,0.43, ,415,5,97.46,61,340, , ,-19.2,5.16,67, ,820,340.16, ,7.37,No
135933,India,28,Andhra Pradesh,503,Chittoor,2017,1657,1973,Chinna panduru,13.583333,79.966667, , ,92,209,1093,0.76, ,153,11,31.72,28,65, , ,-9.38,1.49,63, ,360,125.41, ,7.4,No
135937,India,28,Andhra Pradesh,503,Chittoor,2017,1661,1977,Chintaparti-1,13.504167,78.715278, , ,160,369,2171,1.2, ,470,19,43.96,10,240, , ,-7.8,4.33,201, ,580,385.25, ,7.77,No
135939,India,28,Andhra Pradesh,503,Chittoor,2017,1663,1979,Chittoor-ALT,13.206667,79.101667, , ,114,284,1714,0.74, ,537,6,40.26,2,190, , ,-0.4,3.9,25, ,450,440.16, ,7.57,No
135941,India,28,Andhra Pradesh,503,Chittoor,2017,1665,1981,Damalcheruvu,13.475,79.047222, , ,80,383,2210,1.25, ,567,2,82.76,25,276, , ,-3.02,5.17,97, ,540,464.75, ,7.86,No
135942,India,28,Andhra Pradesh,503,Chittoor,2017,1666,1982,Duginevaripalli,13.133333,78.658333, , ,100,152,1278,0.32, ,384,6,8.63,69,138, , ,1.18,3.56,2, ,285,314.75, ,7.5,No
135948,India,28,Andhra Pradesh,503,Chittoor,2017,1672,1988,Guntuvaripalli-DW13,13.651389,79.5425, , ,76,113,1006,0.33, ,378,7,31.7,16,80, , ,-0.4,1.95,14, ,320,309.84, ,7.56,No
135950,India,28,Andhra Pradesh,503,Chittoor,2017,1674,1990,Kalakoda,13.815278,78.795833, , ,120,411,2952,0.59, ,726,200,39.05,229,340, , ,5.4,6.9,10, ,460,595.08, ,7.52,No
135957,India,28,Andhra Pradesh,503,Chittoor,2017,1680,1997,Karvetnagar1,13.423333,79.465, , ,78,53,884,0.84, ,445,2,45.07,8,50, , ,-0.62,1.12,36, ,380,364.75, ,7.63,No
135960,India,28,Andhra Pradesh,503,Chittoor,2017,1681,2000,Marriguntalagani Palli,13.566944,79.015278, , ,60,35,669,0.4, ,372,1,28.03,6,48, , ,1.6,1.28,7, ,265,304.92, ,7.82,No
